23.72643,46.05284,10.25882,-26.11527,138.4218,44.47667,-28.83449,19.7138,-12.8301,-7.405977,-48.04184,-28.58097,-30.05037,-100.7914
72.78429,39.22088,55.36972,-3.73278,89.22207,52.60543,-40.19729,39.56727,-23.32165,-39.668,-52.39939,-38.42139,-39.88644,-111.1427
113.225,48.40285,66.91583,5.078905,32.37303,42.29017,-17.28124,60.70333,-27.88832,-66.27856,-38.49893,-24.20753,-73.97665,-120.8578
157.1274,29.81474,61.07283,-9.412695,7.382744,38.88259,13.82289,66.49042,-38.4646,-117.7256,-44.72863,-9.385296,-94.58242,-60.29433
146.7267,25.76236,62.23957,18.56707,-46.41429,53.84459,22.5606,90.56361,-31.49726,-173.426,-93.22427,31.10009,-88.66264,-18.14006
140.17,26.7395,60.78601,14.02517,-98.43199,35.79471,27.06749,84.63335,-20.64864,-192.8405,-42.59567,45.5239,-65.52692,-14.69635
117.7903,23.20934,84.28669,3.892728,-67.58327,13.79502,34.67824,127.4254,-24.36905,-232.5581,-50.25901,66.28585,-87.42712,-9.166954
116.8492,26.27273,41.95917,15.99086,-21.2045,6.821927,46.10701,116.1428,-10.1649,-212.2474,-35.36337,47.45567,-85.08354,-53.53563
149.8392,22.0468,6.746566,28.77501,69.67484,-1.572781,39.11624,54.39548,23.71182,-173.4183,-39.66502,4.636523,-57.57821,-126.7082
176.9339,-21.28137,-16.07608,17.95425,105.158,-18.07404,21.01827,8.335059,21.17042,-128.7519,-25.44282,-3.832114,-42.49932,-94.61227
159.9639,-19.17348,-27.07737,41.07805,76.19098,-22.28115,31.59582,-29.53736,39.29562,-91.6844,-41.21152,-13.61061,-12.16765,-91.38084
140.5396,-2.342696,2.307144,11.10911,54.23795,-13.32248,33.78741,-25.7647,50.21266,-72.47297,-68.18945,-12.27441,-15.14854,-82.67865
149.2747,-9.730804,10.51442,18.02567,-9.488348,-19.50273,28.32672,-41.09611,42.90551,-47.4014,-38.06853,-14.57656,-1.770853,-67.41169
97.58559,1.935711,29.08125,10.98046,-34.82639,-11.42704,36.66165,7.450361,29.52944,-62.11478,-47.84975,2.926732,-24.01851,-35.91475
69.20245,-3.677916,21.20373,-10.15772,-11.73113,-19.08643,41.39224,24.38207,18.72264,-41.25444,-35.56612,5.824884,-45.41096,-13.84331
62.64011,-3.564802,1.849466,-0.9548103,-7.145793,-10.16377,33.6107,-10.8448,28.70019,-34.87408,-27.11065,2.491057,-32.73332,-1.899509
55.1857,-15.62346,13.77895,5.013998,-15.58341,-23.58456,21.26967,-19.18647,-11.0006,-26.05921,-19.29827,18.82143,-20.52402,36.79022
72.18962,-28.26376,-2.54585,-10.22016,-1.977792,-26.06325,41.1882,-29.67733,-12.61829,-44.48409,-17.61121,11.80642,-19.42755,67.70499
35.62838,-9.234584,9.997569,-15.12286,17.18645,-7.75193,11.54855,-11.94774,-9.83524,-43.55807,-3.190624,10.36915,-24.208,40.11893
2.309379,-11.42204,-6.736222,-16.62646,35.09797,-5.809983,4.81288,-19.8034,-4.389091,-2.724523,1.614742,2.169659,-20.48048,41.98755
-13.26533,-6.395317,-15.1091,-12.10688,20.19575,3.648484,5.226582,-24.46739,-12.3305,13.7675,1.905776,2.489958,-20.93656,57.37703
-36.4282,1.361265,1.69761,11.00396,13.72183,-1.562553,-4.190974,-17.49402,-29.45254,18.59075,10.01354,2.900145,-19.86781,49.70699
-48.14052,-0.1622515,-12.22797,-13.09602,4.927082,-12.00737,15.22727,-18.78083,-23.56781,26.00017,6.046095,12.61767,-2.77835,65.94283
-61.14899,18.31072,-3.523174,-10.66692,-11.82733,1.229243,25.10737,2.866284,-14.15674,29.15456,-1.749389,-1.737743,-14.42129,42.56341
-60.55463,22.76299,7.088822,5.300559,-13.45043,5.808869,23.40715,-1.116273,-33.6828,33.19868,-14.21903,-5.171411,-20.25171,50.87922
-41.43278,6.457459,24.36104,-5.612661,-103.2737,3.06256,32.27803,-3.180539,-32.42186,26.9237,-0.6758863,5.728015,-17.43926,105.2259
-38.2453,-22.20191,45.29422,-13.40814,-250.2186,-11.34312,0.1913119,-12.51942,-23.53213,20.37722,28.92757,66.71986,50.47087,159.4875
-47.37604,-21.53978,44.32421,-3.131557,-379.2304,-42.46418,-1.917104,-15.0907,-22.5892,2.41535,68.21073,132.4124,116.3292,169.647
-83.74044,-22.44102,21.54802,-4.23254,-442.7603,-61.97041,10.59175,-12.1833,21.22059,26.08745,135.8448,125.6616,139.3619,147.0119
-131.2814,-17.53672,0.5640948,-16.78454,-449.2421,-34.68894,13.73061,-7.090107,42.50007,54.33061,148.4692,93.89603,148.3576,154.7756
-149.2236,-16.61192,-8.746948,-4.943329,-411.8998,-10.95072,1.093439,-12.05792,22.03666,77.00608,120.9599,86.89951,129.3019,177.1368
-137.2478,-63.27007,-31.90464,5.680062,-331.7931,-41.31062,-8.393543,-53.67417,-0.7637907,108.8544,130.1361,65.89538,154.6006,203.1912
-129.2447,-79.15758,-57.42841,-28.69891,-256.833,-56.19226,10.8589,-59.60384,6.698269,109.2705,132.9,40.73623,171.8449,194.8499
-139.5427,-54.53085,-51.14893,-43.43815,-184.7896,-50.14029,-3.046963,-33.04626,18.23296,101.8345,127.6902,30.69699,163.588,117.641
-130.5112,-15.25885,-26.79934,-44.36177,-154.4023,-46.92674,7.771038,11.91431,-7.811976,71.46915,112.2597,28.79235,141.5312,52.33443
-107.0268,-30.47888,-26.25355,-28.41553,-165.1151,-59.87557,15.52285,1.930147,-1.257328,72.62271,97.51011,36.2598,129.3923,65.18477
-102.0539,-14.51993,-31.48661,-37.90744,-197.0345,-40.95182,25.12969,8.046375,19.08302,87.85238,111.4176,19.2936,103.1536,49.97797
-91.53896,0.6804801,-11.91502,-29.93447,-217.429,-33.23243,41.50225,26.09536,19.04826,56.45722,105.3791,19.2015,60.46189,55.22383
-110.6782,-9.363047,-19.17011,-7.583764,-214.5726,-42.10856,34.48855,15.53401,25.59063,34.2767,104.4928,51.06615,46.28397,91.74347
-128.7602,0.997888,-11.0541,-2.540828,-157.2298,-21.07431,36.60075,16.06721,23.38267,32.42314,94.93847,10.828,13.7077,91.71336
-141.0002,5.860533,-0.4090571,-14.06954,-95.31629,-14.08486,25.23282,20.0163,14.41192,31.39459,90.31908,-5.685925,-0.5170172,83.8477
-162.5622,7.998119,-5.251711,-5.570443,-9.952819,-24.4692,10.66745,16.00832,-11.51104,18.26497,85.59464,1.386451,4.92184,74.47568
-157.6044,-0.8552322,-12.70334,-9.019095,113.4251,-17.42391,-7.000829,7.069506,-23.8882,-9.603979,53.81036,-2.142649,-10.97105,76.90779
-167.3328,6.102989,-20.80742,-7.179649,219.9792,-1.872762,-63.82026,-11.09154,-16.62323,-12.64636,68.49183,-10.01423,-2.247704,19.06194
-159.9449,6.975979,-14.73808,17.77837,287.6735,-7.815816,-78.5136,-37.82391,-4.087222,-22.63956,47.83065,-16.15266,-10.99593,-7.546898
-121.7493,-12.90913,-24.02485,16.51482,331.9648,-12.95008,-67.3766,-56.85566,-9.245131,-9.558107,12.03583,-25.45429,-31.67688,11.28457
-81.9501,-31.6156,-20.88545,26.83187,344.049,-18.95911,-75.24541,-80.00565,-13.43045,-19.47446,16.0011,-31.84084,-34.14897,20.67408
-60.67598,-34.218,-13.31241,40.67059,328.9129,-18.09069,-70.88637,-81.86336,6.503655,-30.44737,-1.503971,-31.03108,-47.41037,13.35245
-39.93251,-31.61906,-9.411398,31.24762,310.4643,-2.428602,-56.70865,-57.76106,-3.716009,-38.701,-0.0724394,-46.39486,-75.03092,20.06456
-26.458,-31.39658,-1.877321,33.68362,308.7719,0.5450618,-61.59098,-43.15007,-17.54259,-55.36871,-3.406281,-31.88476,-97.09734,26.77205
7.423329,-30.41516,0.5818485,33.29354,344.5373,23.20803,-48.09422,-20.89637,-34.81857,-98.0912,-42.80456,-42.11245,-127.3747,35.56319
33.38875,-44.14297,-28.08462,53.3507,371.0883,17.92742,-35.87966,-19.27656,-36.98485,-140.3709,-29.11025,-39.09417,-143.3582,40.547
40.23982,-48.4175,-36.67033,46.5309,372.6175,12.72301,-29.37868,-30.61445,-34.57597,-153.0482,-21.1916,-37.72,-130.0425,49.54799
22.66656,-54.6373,-41.50522,32.1796,340.4545,11.96177,-32.34002,-49.58762,-46.52436,-157.1295,-16.34153,-18.59646,-87.00758,96.40705
-9.938657,-64.60007,-67.40446,27.9985,352.7447,-7.326951,-46.29225,-75.09988,-43.16021,-149.0987,3.99288,10.47104,-43.67831,111.3924
-0.4601385,-69.99293,-76.6397,17.17468,266.0074,-5.06343,-50.60499,-96.09683,-34.63847,-171.7383,40.94489,33.09967,6.318046,141.69
17.28051,-66.99389,-66.19426,24.08426,166.8475,-6.405853,-43.3528,-91.42089,-39.22652,-197.4834,42.3433,67.25037,29.23258,164.039
32.33473,-56.7738,-72.29519,11.35775,171.0847,4.329882,-25.6221,-90.21478,-17.52577,-216.2086,33.26053,53.10123,25.32899,147.8424
63.55871,-47.18028,-58.1893,41.77562,111.5099,2.048114,-19.27795,-80.79134,-10.42987,-231.3776,39.84925,44.423,44.87144,99.21022
103.6168,-25.49183,-37.55207,39.49567,51.64491,15.8415,2.618539,-36.85491,-4.461533,-259.106,28.75841,37.47566,29.54891,54.46598
135.5847,-39.51702,-47.13331,16.67191,23.67286,20.05149,21.33529,-26.51092,-0.5817598,-285.8043,32.53772,37.70957,32.12964,79.85412
150.2807,-29.35849,-41.5774,45.61828,3.663933,21.72715,30.38306,-9.976079,3.078788,-309.2488,12.03496,39.1424,40.24942,43.98201
178.6732,-27.54516,-35.52638,24.4695,-30.21526,36.36997,46.02608,-8.32465,-6.429024,-340.4023,5.142282,47.21252,22.95208,87.59715
209.6846,-29.02571,-32.78267,26.02371,-52.28091,35.04454,56.53111,12.10345,-17.99423,-382.2852,-1.017774,63.2014,25.63536,87.16226
204.0474,-16.90865,-27.08726,16.73702,-90.58393,45.54115,78.20021,36.99804,-21.72385,-420.4318,-2.473401,67.93552,25.72787,104.0217
225.7844,-16.59704,-45.54796,26.76303,-92.63926,49.02149,90.87413,19.26044,-12.69735,-446.1032,-3.241931,66.06473,34.59159,104.4669
216.0274,-8.016738,-26.76929,44.06662,-108.553,48.88288,83.71826,36.32051,-16.31394,-472.0957,-1.148781,76.24778,34.23566,93.39841
208.1031,17.73706,-59.47199,77.30727,-81.97116,62.08661,85.11983,22.05812,-10.94216,-494.0302,4.89698,78.04794,35.20122,55.85731
22.99871,59.29725,-102.6482,194.1237,-102.8343,60.83755,74.90927,-93.27361,40.96432,-462.4933,58.64255,69.09441,93.0007,87.38107
77.18436,93.67906,-67.6432,261.4007,-114.0755,35.5839,34.94584,-174.7405,70.62218,-495.0222,89.84524,83.8993,117.6439,-13.32297
165.5294,213.5467,3.118064,354.2454,-774.5821,78.63157,129.7672,-38.07659,119.4866,-668.7115,180.2657,182.2529,148.8155,-94.28862
5.749122,146.4246,71.31355,270.1389,-244.9836,39.75852,79.56804,-23.05356,46.02741,-810.147,151.4086,124.8584,90.99802,51.93925
106.6367,-72.41527,-21.19201,-23.32116,1255.212,-94.22465,-121.6685,-148.2076,-68.21607,-380.2583,-94.90467,-90.92345,-99.72117,-146.7953
182.0051,-127.2459,-26.45632,-127.0102,902.8317,-51.45134,-120.9974,-90.64547,-81.34697,107.6542,-160.0865,-121.4603,-184.6861,-101.1046
239.1709,-78.38423,-61.88734,-90.51,309.9768,43.19358,-61.28979,-68.85265,-63.34205,156.7485,-87.41564,-83.41173,-121.7183,-32.27817
51.9025,-8.548715,-56.07913,-65.69427,-223.5886,49.47213,3.848765,-32.69959,27.37885,196.8519,-7.087587,12.41703,4.266181,47.56051
-215.6529,-3.158426,9.322817,-22.06808,-447.1036,46.78453,49.52452,-2.023829,15.81829,112.9354,22.29225,64.05832,48.55793,320.7128
-241.0921,-24.25422,98.16309,-29.90166,-465.809,21.12935,44.82769,26.17103,-25.48235,97.19547,-4.924603,66.96645,48.28172,388.7291
-144.0341,-27.83893,157.4945,-64.63637,-585.2405,28.71975,62.9206,90.26035,-13.46759,86.63069,-25.97656,53.35039,36.7882,345.0296
-43.17529,-18.82568,173.6051,-129.1404,-570.083,46.28466,137.144,147.7621,-91.78796,-35.14504,-50.91497,35.01122,5.695113,393.57
-24.1154,-36.53131,173.1741,-146.4277,-604.8115,35.7562,173.3476,230.7823,-112.8688,-10.79534,-68.75861,25.07013,-12.93931,379.1175
-5.928208,-36.34014,91.13974,-108.1313,-540.6941,26.08421,154.5507,155.5049,-51.43139,214.4338,-59.70961,-57.9083,7.887337,210.5424
-67.20625,-38.18975,69.13541,-122.4692,-530.5117,-56.66,117.8662,113.2762,13.14771,762.8098,-108.6261,-119.5571,-22.55042,-10.46501
-111.5856,-105.2847,24.57772,-189.8228,-536.9315,-172.3561,88.63283,53.88716,97.77343,1458.143,-170.9205,-191.4349,-66.8915,-177.787
-155.3967,-129.9996,-11.47782,-202.5378,-460.0228,-209.7626,44.04034,-24.8485,136.3183,1805.051,-198.3164,-250.8448,-74.50588,-267.6972
-125.9511,-106.6616,-20.28301,-195.264,-327.6445,-182.052,29.20618,-16.77327,91.39455,1717.096,-208.7195,-267.7726,-72.47176,-314.1032
-77.2954,-117.1109,-29.70463,-201.209,-177.517,-194.6564,21.428,-35.15997,61.83608,1553.956,-177.5606,-260.4627,-56.51599,-310.0273
-114.4411,-96.17783,-32.58216,-187.1756,-145.6944,-188.1286,38.58846,-17.71384,57.14381,1414.48,-165.0505,-234.4574,-48.2877,-280.5037
-93.19155,-58.64415,-24.89235,-181.1846,-119.4668,-140.1332,36.28737,59.92054,9.234895,1183.276,-135.0509,-208.0483,-33.18227,-294.9248
-10.75035,-44.5495,-27.46931,-176.4468,-159.4943,-117.3699,82.04634,103.1037,22.85693,1006.766,-127.1759,-201.9991,-42.80014,-306.718
33.17426,-4.248487,-17.73596,-151.1038,-220.809,-74.46542,88.78928,101.6283,23.34304,847.6721,-99.91749,-189.7957,-24.54577,-311.9854
-137.8764,81.24065,46.24771,-25.87249,-322.8257,14.8477,-125.0457,161.9118,103.6336,759.8816,-0.3173449,-112.7435,61.76316,-504.845
-150.935,106.9034,75.986,23.21801,-334.993,30.1402,-192.3793,125.1232,119.8661,673.2043,44.31197,-77.07234,90.44599,-533.8196
-119.7068,130.327,79.8367,13.67118,-325.9896,43.26605,-165.4606,98.23104,113.4404,561.9293,47.07402,-66.06568,83.07206,-493.6249
-124.5795,150.0675,94.22887,61.97703,-326.6665,60.73091,-162.6009,106.6997,108.4129,448.2694,31.79558,-42.13483,70.14558,-476.3455
-102.3468,149.7508,94.672,54.60693,-290.4111,66.74828,-145.2146,96.24759,97.92357,339.7416,42.25456,-37.63368,62.34239,-428.6814
-135.4351,162.2316,86.32225,55.75274,-237.7183,80.78857,-127.6365,91.6412,101.3304,289.4912,40.18038,-59.51573,62.70367,-410.1362
-171.0189,163.2605,96.2676,57.18158,-211.4206,85.48451,-104.7651,97.77268,92.97006,214.6463,17.32457,-55.07763,65.05697,-347.6823
-176.661,154.5331,91.00947,44.04282,-223.6656,91.44701,-84.33194,102.151,105.8759,195.339,4.889812,-53.29041,50.67709,-302.0161
-182.8446,146.3614,79.87247,49.77164,-273.6917,85.36472,-72.03494,80.59119,125.8292,236.6964,13.56019,-54.95016,40.85623,-275.382
-189.8536,134.6226,72.76804,40.64844,-296.4404,83.89686,-57.58696,65.06089,119.4851,182.6009,23.47146,-28.58524,41.49897,-191.5869
-217.8646,128.7076,77.43419,60.47375,-300.42,83.10894,-54.87139,71.61405,94.58082,115.2737,36.47498,-0.005075305,24.70944,-119.2163
-187.7488,119.3913,68.7833,41.51134,-300.4987,99.05204,-40.00449,60.12101,90.23227,61.18578,26.68191,3.821314,22.44191,-64.96997
-158.7345,107.3278,73.99272,50.20722,-253.6836,94.85544,-42.65779,41.56068,59.56139,-47.51369,50.12009,11.14702,36.61353,-22.79618
-150.4584,99.74309,72.0113,68.50475,-233.5745,95.51907,-34.27427,29.89212,47.44942,-142.6058,57.19069,22.82514,44.27763,23.49984
-97.09968,74.60907,68.50391,61.36352,-202.0822,84.45518,-17.90627,6.466561,36.62564,-191.9305,42.80877,30.81885,27.63851,75.72873
-60.9039,68.17279,69.73302,85.95351,-177.972,75.4284,-7.098044,-15.61838,26.1207,-283.0159,75.15797,19.61781,37.30346,87.12067
-72.21797,100.3996,68.97098,112.2433,-158.2794,87.53786,-13.53951,-0.8405681,30.90523,-363.7256,91.061,30.72204,47.79011,38.97298
57.38391,36.33024,41.06362,113.6302,-112.9798,32.15198,33.20476,-71.98863,-15.88318,-439.0954,73.39309,62.6394,39.63174,150.5182
76.86828,52.1968,40.56385,169.3435,-52.99323,33.22372,-2.242413,-113.3538,-2.137902,-468.5911,88.04768,47.77863,62.55163,68.74444
-1.882214,99.00845,42.72433,221.1797,5.545512,32.43558,-45.41473,-148.1808,36.13787,-453.8925,106.4941,48.15871,82.06937,-24.38322
62.23956,10.56778,11.25573,196.6146,190.5853,-28.41769,-11.56026,-233.123,-21.96536,-450.0125,61.86573,41.82013,40.96746,129.1626
61.25981,-19.15023,-11.36472,186.2614,307.5042,-45.67735,-32.07463,-284.6127,-33.33688,-438.8957,66.07647,42.1205,31.35083,170.5391
7.212195,-6.78098,-19.5997,207.4627,568.422,-52.42879,-86.74606,-332.4524,-33.39875,-420.0998,61.70646,-0.2970482,12.27798,94.72209
102.3805,-92.71527,-41.94145,154.2456,1022.594,-113.0849,-115.978,-398.9785,-104.8297,-411.8274,-24.91847,-25.72002,-77.78436,128.5581
171.9725,-179.7473,-132.6755,46.7283,1900.821,-169.5311,-189.5179,-497.0098,-196.6469,-445.7871,-129.104,-87.92496,-186.7791,95.20131
235.938,-254.2956,-187.3633,-60.4191,2608.726,-190.6075,-254.3211,-518.9805,-276.6241,-504.0054,-216.0886,-155.6721,-284.8521,58.5654
371.7329,-284.7294,-148.5921,-109.242,2192.765,-197.941,-185.4318,-413.0716,-291.7589,-506.1761,-187.3996,-88.73376,-285.2849,133.8631
364.8543,-233.5634,-125.959,-153.2327,1807.242,-161.5429,-117.2175,-253.8742,-271.8502,-478.1729,-160.5616,-40.85165,-292.0259,116.7547
386.6838,-229.3532,-125.7049,-168.5701,1381.424,-165.4427,-48.4714,-146.6614,-248.2611,-427.3076,-143.2193,51.52102,-279.1558,162.5181
333.3907,-179.6527,-123.1391,-116.5579,1019.189,-138.7383,8.68924,-44.46432,-180.6729,-359.4757,-140.078,67.83344,-238.2069,91.88268
283.2601,-139.2968,-113.2758,-128.5749,758.2896,-108.8953,49.0246,30.83164,-113.4917,-312.0647,-108.8102,63.89957,-214.9917,54.09537
258.6866,-111.7339,-99.36464,-97.29524,479.4413,-88.85892,62.60801,91.76382,-82.68889,-269.6968,-98.94571,98.69892,-165.2504,22.63579
230.091,-80.65377,-106.3762,-74.83834,316.7679,-55.35627,79.53631,124.5975,-47.88198,-215.7493,-137.5666,103.5383,-115.2864,-20.82227
255.3788,-81.10774,-111.6856,-68.2718,146.5163,-48.40415,85.82545,115.3045,-21.08109,-170.4596,-95.56294,90.51634,-52.67585,-44.29274
278.8762,-75.01065,-106.9114,-56.76151,66.49615,-34.80107,84.69485,124.6987,-12.726,-135.6696,-99.02226,72.25251,-16.61021,-89.50581
245.7118,-70.22388,-121.4044,-56.49521,47.0657,-23.03456,94.69595,142.8399,-3.410266,-111.8388,-102.514,46.82439,24.56316,-112.7799
208.1463,-51.14053,-103.8074,-24.7332,-53.99011,4.453048,62.32272,163.9725,24.93228,-69.59691,-89.25185,31.94016,72.39236,-175.6395
201.4446,-33.71474,-84.33961,-40.22871,-167.7355,28.90672,66.33022,166.9024,56.52467,-51.37978,-74.06941,24.56398,74.59781,-167.8027
163.7592,-8.624941,-77.74261,-20.193,-222.6701,50.05844,86.43549,158.9415,64.4785,-72.26891,-66.64521,1.689643,95.32253,-152.5405
180.5377,-2.008591,-56.18102,-23.6952,-276.1457,66.61998,95.78254,142.7533,74.69793,-57.0253,-82.83083,-12.13224,76.44085,-126.8134
149.6713,2.491142,-63.82317,-18.42368,-334.606,71.75324,77.95569,104.6094,100.0445,-14.44822,-56.47905,-7.038683,103.7056,-115.412
135.0645,4.716606,-44.82798,-4.963428,-353.2069,83.13333,76.39661,81.22848,71.23013,-11.77121,-50.13528,-18.89629,88.33872,-56.30732
122.4879,7.272669,-37.86077,-30.75901,-362.7162,93.21321,96.03064,94.83143,56.99486,-23.73248,-61.02174,-19.31235,70.88168,-6.309726
85.09917,2.326436,-47.18419,-32.28426,-388.3261,85.42019,83.89703,80.38503,66.01599,-23.78034,-2.506968,-8.513101,75.29964,24.15156
19.71094,15.27094,-41.0828,-26.3735,-435.7093,74.46381,68.54197,97.74165,53.59877,-31.6749,114.13,-5.378518,59.1023,37.65867
1.989449,22.54457,-43.91043,-32.83873,-456.2271,73.96563,72.80664,109.7623,63.29465,-32.71861,115.5077,4.335328,71.05081,30.4378
-4.49849,30.47045,-36.65838,-28.96666,-415.649,79.74574,63.59171,97.04503,67.0985,-44.88,99.87556,10.12749,45.81073,36.88741
-36.66534,38.917,-31.12321,-30.68289,-388.4904,59.29226,57.99338,88.34245,64.17928,-35.13573,107.0606,24.39471,51.96397,29.95391
-54.82682,30.41305,-23.62459,-53.28189,-267.4718,59.9388,42.88761,81.37807,52.20651,-53.78609,94.25924,11.22104,31.02723,49.65968
-80.91123,23.87852,-25.04292,-50.54485,-148.1098,55.76666,7.990471,62.95522,24.50993,-53.57218,90.94231,10.79202,28.39509,52.95074
-88.14561,9.551147,-14.30312,-25.2992,-118.4323,43.14396,9.581882,40.20166,31.74952,-46.94091,84.4081,-13.14235,24.39748,63.22979
-90.28867,9.604028,-1.956136,-32.01539,-79.79443,52.34161,11.36833,30.22204,32.70053,-46.04743,64.97541,-37.16186,11.66135,74.39062
-104.8388,2.65574,-2.801421,-9.01392,-38.21752,40.80971,-11.23596,4.944007,30.1565,-38.70057,48.01797,-22.00803,28.25545,71.9768
-111.127,-7.418509,18.54938,-12.9829,-21.18557,14.75963,-17.30463,4.95641,20.51192,-40.80908,48.01816,-11.19224,38.66948,76.55499
-123.0833,-27.70693,20.54797,-49.41739,132.8715,14.18291,-26.61922,14.76654,-13.34956,-68.12025,17.33753,-24.28312,23.40914,109.4642
-139.0704,-31.33579,10.28079,-35.70211,267.2381,-1.659461,-52.06123,10.43034,-30.89952,-97.90611,31.44712,-18.75219,0.5825571,87.40783
-149.1431,-11.49803,21.2497,-16.41293,208.6347,-19.61725,-35.28891,17.34786,-26.0863,-102.7936,60.25372,-12.09763,2.913142,62.53863
-169.2583,30.60335,43.459,-12.61863,138.9931,-1.700713,-29.2452,49.02557,-17.18387,-91.89159,49.93892,-9.050653,4.167424,14.76157
-152.4613,51.7251,62.17914,1.682686,64.62119,16.27696,-31.90612,34.67242,-4.570434,-85.67027,57.20757,-18.20193,6.22585,-1.780755
-151.8316,62.12227,75.729,11.52246,-24.60659,12.2048,-31.81627,23.23818,-1.264279,-74.14511,69.1909,-2.068681,31.55262,0.1723712
-141.9449,78.63481,84.60258,-1.711312,-116.1827,31.2626,-30.90517,31.94867,7.375938,-45.11383,67.06406,1.663923,44.80811,-11.50275
-120.1277,66.20101,99.56436,11.27571,-164.1078,23.25592,-24.00432,18.65256,1.830511,-23.80167,49.40841,5.912225,38.85194,17.08894
-117.4863,80.18982,118.4706,22.31882,-213.8208,27.97163,-17.95344,36.87217,2.33293,-17.45184,40.57855,6.808418,30.76332,0.4062135
-113.9423,100.9847,126.5491,22.91891,-259.1218,51.99372,-6.462615,59.16019,5.768062,-19.1289,28.98422,-8.134096,31.92346,-21.49264
-106.9432,96.18715,127.8277,-5.022176,-249.7034,43.38085,-15.44968,49.88719,2.226938,-2.744746,33.39589,3.268594,40.22743,-16.53852
-146.8243,119.6023,119.5591,-7.451275,-283.9993,62.8486,6.599706,71.43818,24.74429,-4.854079,23.49359,-5.840697,45.75684,-25.07286
-137.8933,117.9176,113.598,6.283628,-277.4486,65.69823,19.09923,59.71465,18.77906,-11.98119,-4.650843,6.519274,14.21451,10.14984
-126.6454,100.5309,107.4803,24.18357,-253.0697,53.83367,1.019435,43.50092,-18.17667,-19.63859,27.13536,17.10999,3.000206,39.73608
-159.0116,113.9657,93.51555,32.64248,-248.3674,71.46185,-14.12918,70.37259,-9.726501,-35.65879,10.96216,49.29882,-3.877836,28.55228
-148.8526,114.1875,100.7545,27.42585,-254.0944,72.10529,-23.92284,73.5674,7.715922,-35.58137,16.97376,51.77608,-12.86922,10.81423
-131.8525,119.9168,93.6681,33.31448,-272.0906,62.80576,1.999886,85.20993,-6.175349,-20.51714,12.85522,43.83009,-16.3069,-6.657683
-87.40263,97.44124,86.74171,25.55309,-264.7834,53.43209,6.543399,68.65766,-12.4101,1.357936,-6.913095,43.19483,-18.54839,7.135768
-75.23957,87.01122,80.26309,32.58188,-211.5144,44.21135,12.0261,53.27019,-17.99549,-3.295218,-19.63875,29.93731,-19.10043,7.482772
-36.77735,81.53746,77.01937,19.39005,-173.2362,46.73199,18.94098,46.54079,-13.61858,-7.170555,-46.71393,30.68156,-56.04938,12.7238
-46.52752,64.63655,79.61671,34.66905,-151.7139,46.43111,-11.3076,43.35848,-11.28748,-0.7214487,-40.18817,37.91391,-64.79585,19.91622
-70.2149,52.84542,60.54444,34.98917,-119.0148,33.89937,-11.35716,53.37686,-24.41815,-12.98318,-29.89747,58.90486,-72.44846,45.77401
-61.36541,38.51839,65.21764,59.32293,-123.1097,21.57676,-24.44823,63.19189,-18.64071,-20.53596,-24.12087,69.33864,-75.96627,31.02097
-81.07198,25.93089,44.67789,37.79389,-134.6496,18.64252,-43.00648,65.54979,-2.718626,-9.598392,-9.518865,95.57523,-43.94212,36.33588
-95.06407,24.3714,32.68192,20.15429,-122.4164,10.90748,-33.9837,65.55214,-0.3519776,-10.12714,-10.93178,101.7197,-25.08974,42.57794
-96.2057,11.90906,17.3394,-19.25907,-95.8772,12.70103,-43.21029,47.87116,9.92901,1.703168,1.958243,96.21982,-0.4337954,55.35518
-57.91343,6.701307,4.85713,-27.30973,-83.89374,1.197738,-38.34412,46.46249,15.74917,5.734541,-16.59193,113.6724,-3.729584,33.40773
-32.40805,-10.9171,-6.021552,-4.538743,-71.88359,-13.62445,-28.75241,42.33597,-4.527886,-6.316364,6.625106,101.2668,-11.48822,40.25045
-17.56192,-13.44335,-7.143744,-36.61589,-59.8606,-7.58462,-24.22043,41.887,-0.4364853,-3.361815,9.473431,89.41192,-15.9116,45.3681
-20.39641,4.903066,-2.863727,-19.10203,-75.78093,-6.158701,-20.29703,63.47433,-6.516772,-2.106971,25.77584,80.82662,-26.13696,4.379685
16.43687,-25.921,-14.8731,-20.2219,-51.36565,-15.09049,-1.691591,27.13216,9.378255,-12.42973,17.80501,57.41718,-28.7427,42.16666
34.91703,-24.65508,-11.44996,-17.11326,-37.95088,-21.52514,7.469816,15.40872,22.96667,-20.25029,10.14789,44.39222,-24.22241,21.86464
50.60621,-16.81787,-33.41703,-2.910946,-47.5334,-15.27517,5.747956,-11.11018,17.78557,-19.44575,38.19574,32.9339,-2.700174,3.941124
86.30286,-26.24149,-12.71618,10.41056,-29.43601,-18.51485,0.7841706,-24.25982,26.68344,-18.33923,23.38554,5.283108,-1.534283,-21.80783
78.95141,-9.1709,6.121602,24.43757,-63.59267,-15.41698,-5.737555,-7.019418,26.74116,-4.266974,42.99331,-7.211697,-4.768103,-62.06077
83.3954,1.503464,13.63172,44.9085,-74.80485,0.2398126,-7.174424,-16.08881,28.7589,-15.19819,37.05122,-21.40504,-5.978479,-68.83923
99.23344,-9.377672,5.797225,52.45906,-61.54674,-12.86394,-9.960987,-40.9073,17.56335,-23.69109,60.54133,-20.48244,-1.769577,-54.99467
99.98595,6.893677,-0.4258617,60.84927,-65.87207,-3.046572,-0.2661435,-59.46811,32.60555,-14.377,44.82568,-31.0761,-0.05117193,-70.5771
57.2312,11.89642,-14.59438,85.22031,-68.84007,-11.79948,-30.99086,-100.2898,48.83831,4.728462,94.93709,-28.40452,41.50291,-89.43555
10.9761,19.3375,-35.8332,81.48636,-84.81586,-18.52188,-38.81207,-124.8652,47.92904,7.02761,112.7975,2.069038,88.33011,-67.10503
5.524674,8.88764,-39.52459,57.88834,-75.98767,-21.48668,-31.14079,-147.1926,37.30524,19.6087,100.4553,5.080737,96.57823,-15.99652
-14.46304,-11.46261,-47.41336,45.82272,-80.53571,-41.60056,-43.27278,-187.2266,20.28918,36.79345,132.1746,16.5539,138.6648,35.676
-14.99137,-12.63161,-31.99802,50.86057,-62.24245,-34.45295,-33.18595,-184.3573,13.38633,20.17505,89.64295,19.78468,108.1783,71.83183
-16.77528,-8.263709,-34.78716,73.07716,-58.06324,-27.86164,-32.22599,-185.2693,24.02473,30.32211,85.98988,4.211948,92.26276,53.35773
-5.120035,-5.845609,-33.37169,79.15498,-53.1415,-26.79566,-23.02772,-180.7055,14.31609,47.5628,75.70782,-13.34164,86.05213,38.55553
36.20452,-27.20737,-28.17668,36.34346,-45.68789,-31.03527,-24.96117,-171.7264,11.16118,66.94201,71.24323,-13.43314,68.63811,51.69543
41.5953,-33.18562,-30.49171,27.03332,-30.71357,-35.0341,4.618625,-148.8227,7.564805,80.86583,53.80587,-39.4141,52.124,50.054
71.22723,-41.44416,-26.89322,-2.22709,-35.61022,-34.35666,9.43672,-124.371,-20.5407,66.01372,35.40921,-14.54077,41.67746,76.21947
92.00851,-63.80696,-30.8026,-3.060987,-29.99233,-45.14918,15.94952,-117.3951,-41.6964,50.81779,18.91282,3.454344,38.50327,112.2572
88.35049,-60.73101,-48.58415,4.903254,8.542356,-25.31888,56.05403,-107.3999,-36.98174,52.23009,-14.48625,-41.84842,1.132154,124.1379
91.36987,-54.14114,-57.07225,-1.527261,54.16753,-18.2037,62.10802,-83.13497,-49.81224,45.14985,-32.32037,-43.95055,-20.88393,108.2511
85.41465,-58.87488,-55.60059,2.969372,71.30102,-22.50394,67.46976,-68.15037,-50.86215,44.44152,-31.06693,-49.8271,-44.67411,109.9637
91.45807,-64.67728,-47.65252,-12.27347,75.23408,-27.02361,60.15034,-71.50349,-46.78087,50.73146,-42.23172,-34.98416,-52.35062,121.9037
119.4405,-75.34333,-41.79564,-2.16744,109.0148,-45.73782,69.84001,-75.91631,-67.59141,50.61,-61.07924,-33.59078,-72.96789,127.2845
138.6176,-81.51915,-47.54826,-18.66973,104.0351,-44.56244,112.6062,-74.99084,-70.61713,47.10332,-69.06951,-65.03416,-88.17874,157.8276
126.2066,-69.26593,-35.21902,1.567763,101.41,-36.20388,98.13142,-50.83051,-106.7965,44.7317,-74.41718,-53.49962,-95.0578,149.2429
95.35639,-53.85853,-35.64569,-29.40422,77.07969,-23.92066,105.2188,-29.7872,-113.7478,36.49863,-58.62938,-43.63853,-97.79592,172.2744
47.01245,-57.02416,-27.20024,-42.22075,61.49179,-34.17918,85.36964,-10.15328,-112.4289,21.73831,-45.43718,-5.948028,-70.00596,188.9854
-1.237691,-79.8254,-44.8797,-62.19089,44.49699,-48.53667,64.12421,-1.299158,-112.4557,36.98424,-16.83897,26.93877,-26.49452,221.2144
-43.69587,-90.25967,-49.77152,-90.74475,17.37951,-58.61204,42.33555,14.25062,-119.9247,41.74932,20.14518,45.75876,46.40909,224.9804
-58.75269,-86.32241,-34.33395,-101.7165,3.728867,-60.08039,17.32851,40.70375,-128.5607,38.48795,22.19954,68.91365,77.17397,201.2303
-80.27953,-76.88846,-71.14153,-105.5156,14.54867,-48.52429,45.98758,52.13321,-109.2052,59.54937,24.86376,36.21542,82.45804,175.7984
-84.81922,-65.85124,-81.4388,-81.96555,57.91153,-45.37543,49.11161,49.98086,-92.01213,77.12111,14.92841,7.061036,74.54268,120.8051
-81.55096,-45.84221,-78.20851,-84.26114,76.27203,-28.55497,60.82118,51.78405,-75.78131,87.00277,-16.10617,-18.6072,68.21507,84.81734
-102.7312,-8.398835,-58.55824,-83.11199,79.45464,-16.87297,66.0077,58.64824,-58.24517,100.267,-13.5021,-42.20296,41.62977,37.61615
-94.57019,-2.925933,-36.94729,-73.31239,69.61872,-25.57127,62.26125,56.00654,-42.54716,100.1948,-18.40161,-35.51632,18.55826,23.15261
-76.15878,-6.918941,-31.33518,-29.81851,60.17317,-31.37623,62.01052,37.37029,-6.363952,100.7042,-30.2731,-44.8459,0.2360428,-3.403639
-66.92828,-14.13231,-24.35015,-27.6574,90.07619,-45.86593,52.07818,30.10446,9.14089,89.46589,-21.43634,-40.30659,-13.48255,-16.70607
-70.45151,-10.92615,-28.70241,-40.46246,85.38301,-33.75012,49.46511,49.06205,14.93502,73.94231,-18.49154,-43.06111,4.086618,-31.02884
-83.76092,-3.558638,-13.53325,-29.29496,84.04877,-29.13778,40.47617,59.99976,15.89198,78.27696,-21.04245,-46.1679,-9.070979,-43.12679
-75.4031,-3.897467,-7.491066,-20.5816,72.44212,-30.48328,30.40357,85.98975,14.35783,54.58283,-17.40269,-28.26361,-11.43018,-62.82313
-53.99648,-12.81916,-7.757152,-7.671793,59.63914,-34.12223,44.97658,84.48862,7.884522,36.19071,-20.40836,-32.32237,-18.07157,-46.01047
-76.23331,3.280725,3.595274,-3.367444,42.55606,-23.57218,20.79585,105.6042,34.93282,40.79205,-25.0334,-24.44691,2.844561,-101.7483
-82.66464,35.52437,6.15801,32.51612,30.7618,3.050889,-10.73172,122.5855,47.85031,31.90033,-13.31876,-18.36288,-12.70165,-172.5677
-57.82491,31.9624,5.646972,40.11431,26.55466,-3.547053,-14.76641,94.74076,24.56634,45.91576,-15.4259,-14.00473,-1.557557,-162.3746
-67.15743,15.87844,-3.605308,18.7783,8.086243,-24.53461,-30.08309,63.24805,32.93756,58.29964,1.491351,12.97648,57.06671,-143.3823
-111.1113,19.00417,-21.53094,-0.4837383,-16.26307,-16.29375,-29.86057,37.4044,77.21542,57.26471,22.68327,10.98823,95.49483,-124.5117
-119.4884,32.47558,-30.03585,-16.40161,-14.39429,-1.116199,-30.33762,24.2265,93.97508,56.71838,9.21738,17.90433,98.2085,-120.9518
-86.09022,33.05901,-22.30683,-13.28847,-14.53634,5.198115,-35.32669,10.90704,111.657,37.272,6.849186,24.02803,60.27541,-117.6972
-71.04202,33.96186,-12.56126,1.713181,-17.98097,11.26257,-21.98583,10.42203,105.644,29.33428,-10.6783,5.773017,48.96407,-112.8266
-40.82881,34.24526,-7.148247,27.06126,12.05709,13.50127,-23.46602,-4.146481,75.79256,14.64663,-15.97596,-3.834605,26.19451,-108.0984
-30.41565,35.60394,-2.46334,26.15719,7.168605,17.953,-19.07806,-12.87654,90.37518,21.38922,-27.22196,-14.84345,21.3575,-113.1056
-28.61598,72.11176,10.83943,7.046106,-16.44115,42.18239,-9.36622,24.85533,62.39696,4.632578,-31.99963,-13.89684,11.47767,-135.2223
-4.185011,58.00485,16.72355,23.29646,-13.93853,42.33042,-17.11009,4.234204,63.2005,-10.00451,-40.09211,-14.57526,10.00904,-117.8934
-2.637018,71.16911,33.55822,18.55866,-22.47942,47.46038,-17.10938,20.52319,42.24129,-22.80713,-32.73912,-15.17513,1.158487,-121.722
-17.61374,111.6554,56.91354,21.30973,-39.9924,79.75359,-13.41561,62.97589,42.53669,-46.49456,-55.91023,-25.77678,-8.543729,-167.3977
9.949735,80.46754,60.2452,19.82659,-20.70448,75.89273,-27.63867,33.50321,49.94193,-53.26273,-54.9245,-28.12651,-18.51536,-126.6546
21.56861,42.48522,58.85388,17.2977,9.393059,52.33863,-44.77178,0.9154294,36.32447,-57.40074,-38.49825,-8.81421,-26.41824,-63.27375
37.29735,54.08072,70.31522,0.4917001,7.031419,62.42386,-33.15795,14.78422,39.25682,-68.61559,-69.21957,-2.741873,-48.71925,-63.22705
36.36608,72.74944,54.78008,-9.883456,-9.041538,74.33948,-38.49193,39.25853,25.98987,-72.95355,-28.28293,1.59929,-53.08277,-93.34653
-1.053357,68.75101,46.19691,-38.97403,-37.41156,71.69947,-35.00976,35.45741,38.11014,-60.95498,-24.08899,4.214994,11.22391,-78.16111
23.87858,55.08775,50.77,-76.01216,-27.77225,48.4686,-36.3949,22.47266,30.67885,-51.64131,-11.24721,22.65994,7.233431,-58.18193
38.16372,50.47642,46.20037,-67.14935,-15.77866,51.73783,-35.91357,22.53957,33.73503,-58.46106,-17.58743,21.89633,-12.83728,-57.02188
48.33294,45.08554,52.80263,-60.57303,-3.009724,55.17205,-48.53325,36.04069,1.390925,-57.84016,-3.513114,12.39676,-17.48722,-60.265
60.16493,19.06072,59.9174,-71.09269,9.693278,44.58273,-36.1704,47.70364,-7.925152,-65.64894,-35.33129,23.39163,-37.08865,-11.25721
38.39478,10.50277,59.5692,-51.14593,0.1663368,33.28197,-32.72965,52.06864,-9.542384,-66.21745,-30.25484,28.22446,-36.57732,4.259395
49.90569,-0.3265786,45.29871,-44.26362,18.87642,29.62854,-24.53595,35.51756,-5.828915,-70.47612,-36.01356,24.72299,-42.51456,20.00938
66.48939,-12.78897,32.68541,-44.7361,23.20173,20.59543,-24.02726,21.3668,-4.65239,-78.43933,-13.85762,29.42519,-50.49596,35.23363
56.53621,-7.235785,34.49826,-31.14454,15.15024,25.56611,-19.88264,20.21715,-3.859509,-74.04401,-8.88034,20.38497,-67.39346,40.08733
60.91545,-4.586493,29.61445,-15.79896,12.48325,31.39666,-15.26974,23.10691,11.29171,-80.25602,-22.52193,20.78444,-82.12619,30.96646
51.85247,-5.630564,29.69481,15.12687,19.9461,19.77717,-31.756,26.18038,-9.979169,-71.21452,-9.324172,34.43534,-87.99889,18.89014
42.90081,8.778388,40.11205,33.17862,2.380283,34.92628,-31.25908,38.02254,18.29694,-75.85833,-24.4893,18.7049,-88.14383,-17.55024
42.75075,12.58599,31.653,46.82086,-13.47499,21.52077,-45.98973,29.79074,25.54541,-64.47473,8.659031,25.95498,-61.82575,-59.51632
55.40811,16.1767,40.2882,57.96513,-23.23298,15.07789,-28.48624,24.13682,27.5088,-68.431,-1.81634,12.30827,-59.02264,-67.88071
57.95813,22.41673,38.63794,60.3371,-12.52896,21.25481,-13.19784,23.52275,23.83413,-74.90877,-17.93299,-0.05446262,-64.27343,-65.06512
31.18683,20.71205,37.47906,73.64011,-15.78697,14.8455,-36.16928,23.38904,24.9143,-69.0535,-11.91666,25.0356,-49.771,-68.50505
17.43652,25.53991,46.69296,89.48541,-26.74974,24.28809,-47.97112,26.60491,32.52089,-71.25642,-11.56678,21.47233,-49.7607,-76.73621
39.46613,3.316676,46.51606,82.19684,-24.50955,12.48491,-57.00483,5.376151,33.94531,-68.56965,-12.40833,35.37106,-47.91425,-48.26652
38.19479,-6.578804,47.68771,68.81038,-17.70712,3.763107,-40.85151,1.88653,25.28794,-74.38562,-10.54122,30.45893,-53.40696,-12.61815
-9.274141,-12.4414,39.68948,77.51694,5.875062,3.986583,-38.10504,-11.21299,27.14304,-59.32741,-16.16675,19.09418,-46.32278,19.54523
-19.68973,-21.51259,55.75945,45.99905,21.31608,0.9406828,-37.52445,-21.52981,30.56643,-48.68657,-34.09661,17.27819,-44.79211,55.97195
-2.042063,-15.46336,24.97139,49.43808,-7.072483,3.964909,-33.50309,-15.74867,34.64615,-23.93156,-17.05486,15.94533,-26.67194,12.52216
-14.6272,0.5161092,-17.6412,59.094,-20.20015,27.25587,-20.25912,3.227007,46.37351,-13.67812,-21.84365,8.121096,-12.05372,-24.28443
-30.77395,1.70226,-4.523219,41.91585,3.212227,27.0542,-20.13271,-1.912636,47.81364,-13.18283,-12.28535,-5.337417,-27.17283,-6.377229
-22.42455,7.355569,7.180889,39.36606,12.6812,19.42658,-10.12718,-0.1208416,46.00625,2.345302,-28.04324,-18.30902,-27.36032,-27.97667
10.16831,7.649602,7.839133,41.21156,2.700019,14.60023,-0.6081339,2.620023,31.73869,-11.38294,-27.3112,-11.7436,-38.9865,-28.49519
9.020516,-12.40305,6.538776,35.64499,30.27478,4.245288,-2.367479,-23.76102,19.27794,-1.371522,-34.78803,-8.705915,-43.01121,21.40593
-27.23794,-10.20793,1.333985,31.17934,54.1122,6.091014,-2.083112,-12.92266,27.31844,6.888756,-49.93964,-6.859461,-40.58451,22.91151
-23.36292,-24.40245,-2.27347,43.89872,39.39442,-3.258549,-12.46733,-21.86248,24.75784,8.483795,-38.77048,4.711887,-28.48502,33.63602
-10.90757,-29.54732,-8.859155,33.03415,46.80916,-4.135475,-8.314061,-25.34962,23.71827,9.506744,-35.10114,2.281516,-33.6471,40.51158
25.79579,-32.81873,-11.28024,44.87167,13.68062,-15.42519,-9.075847,-37.45145,17.29535,7.058705,-19.3637,16.16819,-32.32721,32.87201
13.7817,-29.87581,-15.17694,35.17696,5.719773,-10.4579,-1.898301,-28.85233,18.25116,7.313397,-13.38555,8.375772,-24.46836,35.4964
-4.181729,-24.60599,-14.21091,44.04746,16.47813,-5.371473,-10.10333,-17.99383,7.523702,1.540929,-6.56817,5.809315,-19.56775,27.20363
-18.24582,-19.96112,-13.73986,39.90953,5.768477,-5.846347,-0.9673613,-15.32163,16.8091,7.904167,4.451158,-9.600472,-10.81853,19.6587
-22.82418,-7.027467,-17.80352,33.28514,-4.768499,6.614567,7.514271,-4.650109,23.36835,2.602955,-2.598658,-13.35203,-8.899113,8.538289
-27.96871,-15.47402,-20.25857,29.8728,4.851554,-0.7696805,10.43626,-10.45743,15.82932,-0.0521021,-16.68939,0.8187996,-6.183648,36.04481
-70.11126,0.190612,-26.42479,12.31837,-3.159278,13.83737,6.72753,6.649025,16.64234,3.848956,17.0586,-11.78349,5.849608,28.35642
-67.15705,2.138939,-23.58314,23.92778,0.4289034,0.09430552,5.812551,4.054761,10.05752,2.118254,15.12442,-5.008031,23.30793,8.682875
-27.75412,-10.86791,-19.73957,-9.77926,-0.9968024,-5.015947,15.05033,-6.366383,2.98476,3.058778,19.87968,-7.561989,10.22801,36.88041
10.53047,-16.13463,-14.72898,-25.9782,-21.50496,-10.20959,6.399275,-13.60972,-18.43579,0.8270582,52.3849,-6.805682,22.45276,34.81308
23.53079,-16.34426,-17.58183,-17.46758,-34.2966,-16.1051,-0.4436142,-17.12365,-18.51033,2.145637,58.00766,6.860975,25.08229,22.2456
13.86373,-9.719217,-25.88055,-30.52488,-42.20926,-0.2421634,12.42477,-11.07135,-13.47375,6.55295,56.58413,-9.139186,22.24837,30.58637
49.11723,-20.38367,-11.95742,-41.10414,-11.83412,-4.437543,4.625187,-16.23026,-38.82742,7.030196,52.49514,-15.97863,10.53193,36.9535
75.72739,-24.88841,-13.75475,-26.27464,-12.06484,-10.61473,4.57456,-19.17083,-54.79506,12.61718,28.8686,-0.2257201,4.916268,35.08495
76.85609,-29.8539,-20.23737,-17.80589,-10.00838,-19.59537,-4.509815,-24.01503,-44.56134,23.11201,52.3173,-8.194424,19.85086,6.645209
94.03716,-41.96599,-9.299217,-40.02347,3.486872,-30.11766,-0.8593177,-37.81305,-45.48694,11.73219,44.08531,-2.774228,19.83481,35.16347
86.97643,-36.6916,-10.62095,-55.2426,0.1497659,-31.03978,11.39851,-32.41411,-42.9274,14.52798,34.07872,-0.3679553,22.97951,39.19345
80.58968,-46.77061,-12.19431,-54.61108,22.44516,-44.12663,4.902302,-47.56249,-44.12671,24.8029,15.0527,21.57224,18.94506,61.08171
67.04147,-64.39198,-24.43671,-56.06413,25.93921,-60.83572,15.10138,-76.15172,-63.06217,23.9867,28.26486,32.8987,23.13622,128.5738
58.05983,-65.56482,-32.58576,-73.39989,40.61956,-62.18285,11.42207,-78.01867,-53.04304,43.13734,26.67103,35.54528,25.22662,124.1132
61.53332,-54.24289,-38.56157,-95.3427,21.2252,-52.70595,18.69054,-65.52487,-47.19459,43.96519,22.48822,41.42687,30.3227,113.9204
42.4303,-40.25381,-43.65344,-80.38324,9.010925,-52.52761,14.67548,-63.17977,-63.48027,44.01048,50.66875,39.2328,46.98177,96.46756
36.62194,-39.43695,-33.4499,-74.87162,13.50338,-60.61099,12.8722,-68.47863,-59.78286,61.86677,38.81669,40.05066,41.61192,91.28734
29.48559,-51.47877,-39.10584,-86.13689,-1.434544,-69.44287,18.82358,-76.15767,-66.28906,64.18119,54.51012,40.5008,62.38108,120.1632
25.98317,-43.58528,-41.85466,-83.91528,-2.525767,-60.90233,23.05733,-60.95968,-65.45451,34.42934,54.64621,48.57764,51.31267,121.1911
80.02429,-54.04117,-15.83095,-64.33242,-24.21375,-73.45039,9.941734,-57.6089,-64.29145,24.10103,40.82064,66.18132,32.28908,100.4109
151.0349,-71.66281,13.43564,-36.2027,-31.0773,-86.9231,2.609661,-79.3335,-83.83092,5.82638,26.39649,68.65593,13.50983,107.5614
169.5434,-80.10493,32.67402,-0.1850864,-14.62821,-86.94595,-9.374326,-93.67159,-99.06435,-7.836604,20.82728,59.76572,-10.34079,119.3413
152.9202,-79.04971,57.26212,41.33007,5.856831,-77.89857,-22.75135,-93.68234,-88.82055,-13.39693,-7.023799,42.83815,-26.39804,108.8138
129.7341,-50.65687,68.3184,61.80686,17.78155,-59.89306,-19.47196,-74.73798,-78.7944,-5.949401,-13.29381,13.88396,-50.94232,62.21482
120.8465,-34.43835,56.10978,58.62858,46.47783,-42.40014,-8.712043,-63.016,-71.72585,4.699026,-33.24186,-6.509176,-60.80673,34.08842
94.27673,-22.32013,56.17327,57.17981,69.70915,-36.60176,1.352745,-46.2464,-58.02286,6.405163,-35.47287,-31.31129,-61.29004,6.168437
67.45261,4.639909,28.40079,68.89366,76.89449,-16.18364,5.423539,-20.24502,-54.27033,9.268326,-33.74242,-32.27147,-67.34573,-36.91471
63.42216,8.029598,-31.75121,76.34669,101.5393,-3.640296,34.80001,-8.577739,-50.77914,11.57126,-31.62225,-47.27074,-69.65913,-52.40852
24.34329,19.22555,-38.20903,45.67877,94.93711,6.943458,47.24895,20.70884,-30.45338,19.39743,-48.9692,-42.19738,-65.96886,-52.68554
18.44502,9.192482,-39.06878,45.29669,88.98502,-4.79737,50.18224,12.37792,-45.99589,7.812827,-28.80638,-33.26104,-64.21941,-16.14331
20.94549,5.503002,-35.02469,21.43505,72.01366,4.324329,41.47441,14.56221,-51.69426,15.52332,-30.68397,-28.59821,-48.8927,-0.8876354
-8.947043,3.515998,-35.26775,-13.16658,62.30818,5.783824,8.121168,29.08335,-29.65797,32.66134,3.43236,-11.23089,-28.39687,-18.2391
-0.2257148,5.190699,-33.67673,-22.38955,47.18375,9.101741,5.398951,39.54906,-28.52606,11.57673,13.21369,-3.956353,-18.24641,-24.19381
-14.44146,24.30116,-39.87815,-38.21632,18.20942,34.37982,14.17813,64.36589,-24.60303,-0.3446011,2.889022,-2.870541,-7.351029,-30.61829
-38.4897,21.44453,-44.38555,-39.19101,15.24695,13.69633,11.82168,78.67012,-27.87597,1.027406,35.62759,11.30251,-1.643107,-37.25177
-44.88426,29.5176,-44.0617,-54.91069,-22.28209,20.74388,28.98351,94.99749,-17.71552,7.441316,22.40671,11.34238,4.936903,-36.5155
-99.03505,47.38174,-46.82111,-19.95514,-39.1126,11.28116,8.086498,77.59324,-2.929283,9.299067,61.35029,23.1995,34.01823,-64.35649
-118.258,41.62444,-44.96003,-6.584683,-53.29207,-8.114293,-12.29762,57.87053,-10.96268,10.29236,80.71806,51.33067,67.6495,-55.01612
-110.796,18.40281,-50.97308,-24.75512,-57.69045,-20.24946,14.40199,35.91158,-3.291874,19.45055,76.93883,30.81548,80.43812,-8.603393
-119.6903,18.46776,-51.71807,-36.2044,-33.69824,-17.90614,13.35052,21.76871,-6.336013,13.52275,79.39821,25.92131,83.3875,9.736402
-82.19929,-8.499665,-46.19357,-50.52719,-10.61138,-27.6992,-5.895118,-12.07448,-16.63822,17.52532,64.20032,32.49082,114.442,31.67966
-108.3513,-10.5451,-50.5128,-58.74273,-3.154263,-30.4424,-21.89028,-27.53302,-13.92633,40.37289,91.07015,28.51772,129.1411,35.99636
-83.55305,-9.285432,-50.41203,-49.00388,6.552156,-23.71427,-10.41742,-36.46353,-14.4909,35.17278,64.28567,20.69599,110.9383,39.6956
-11.30499,-17.61573,-20.46748,9.466193,8.289832,-30.48544,-17.2075,-50.15612,-16.07621,19.71259,43.83576,3.249493,76.11281,2.646778
41.14301,-9.458319,-3.237444,39.23861,11.04208,-19.43187,-12.40273,-53.1011,-18.22207,5.069235,21.76611,-15.95464,38.90002,-25.35089
87.79986,-13.08404,7.821583,63.09644,46.38614,-10.93711,10.446,-32.05242,-28.41082,-16.81978,-36.75473,-27.66228,-25.05964,-24.7692
84.75562,2.638689,32.50143,87.05316,31.99946,-0.06717309,-2.75705,-12.06028,-35.18686,-26.82581,-31.30271,-30.24767,-52.97387,-47.52692
69.56137,-8.03468,26.19516,80.73396,41.72795,5.531593,11.14963,-13.65623,-40.48801,-34.7613,-35.16018,-42.12987,-58.87543,-1.793956
44.53392,-17.37062,10.17369,62.34066,48.0413,2.188699,12.09885,-14.80171,-18.2673,-18.69475,-39.73708,-36.14555,-42.71835,8.358226
52.54396,-27.76174,-4.438961,43.24425,35.54044,-4.231524,7.215897,-23.89124,-27.53594,-15.73656,-13.73405,-18.40035,-36.55619,33.74198
43.28505,-18.21953,0.2075244,22.67068,36.91247,5.637991,14.16862,-2.036626,-27.41677,-15.31466,-41.45873,-11.58775,-40.20697,33.35868
15.08544,-11.17956,-14.29464,5.888066,4.959038,11.21215,20.92036,3.997,-14.25042,-9.77896,-12.14801,-16.03985,-18.83345,34.46282
11.38929,-16.22664,-25.13449,16.69308,5.761232,1.743392,20.20139,-5.463637,1.181336,3.495478,-16.20027,-15.9058,3.523608,14.94202
9.08479,-10.14862,-27.53206,-5.138049,7.223732,7.04174,24.80517,-8.819712,7.046192,15.71951,-9.521396,-28.75541,9.098004,9.896106
-10.452,-5.038718,-23.60045,-28.75434,2.762617,4.755029,16.03596,-0.5375555,-0.9828964,13.00499,2.668654,-16.46898,36.71858,9.889107
-26.18009,-10.22554,-16.55968,-28.39412,-12.63948,-6.153065,0.8281415,0.7624699,9.250783,23.43804,10.72279,-5.133482,62.57345,-2.290226
-38.79002,-4.351483,-14.00485,-31.27333,-29.18791,2.07995,9.379563,3.084135,21.09433,16.11663,21.13442,-18.8976,59.89684,3.719318
-56.79406,-2.265928,-11.31136,-30.93377,-38.63256,-2.021744,-1.987505,13.13749,16.34044,8.951218,32.43456,-7.97581,89.05963,-8.000599
-54.94069,-9.657453,-19.52317,-36.84809,-47.53318,-9.878844,6.120255,19.02405,17.02064,11.20036,38.96781,-3.622138,91.05058,-1.38014
-73.64372,-3.995746,-19.70601,-45.85062,-55.21598,-7.035502,12.90605,25.91987,21.97342,10.0903,32.82843,-4.248077,105.7302,0.2474393
-68.41814,-20.37606,-24.10791,-53.69557,-55.40794,-16.72144,3.257207,29.49441,13.83332,9.564408,47.64245,12.23271,103.7594,18.94314
-23.65759,-22.01542,6.764592,-22.25112,-38.3213,-21.88248,15.55104,36.05513,1.243946,1.24216,15.40105,-12.51272,65.9102,-1.527511
-7.571095,-15.2894,11.20908,-8.094627,-7.536541,-6.886064,24.77294,38.76209,-7.635883,-21.73111,-3.991695,-31.50953,37.19499,-1.693174
14.8808,-14.87024,5.408871,13.96432,9.177162,-9.726197,13.35022,1.733921,18.15449,0.7234019,-7.233531,-40.04472,26.33784,-31.85636
5.220321,4.229361,26.3299,10.9214,2.794274,0.840088,20.43103,21.30945,16.68982,11.05044,-21.39125,-53.03783,1.248493,-46.63548
-7.941083,11.91302,9.443582,11.79685,31.47956,12.25647,26.43447,22.34004,8.960776,-2.098537,-19.98193,-59.06821,-5.068815,-40.46618
-5.831593,10.01443,2.856408,20.17703,27.29393,0.3569703,14.84147,-0.8962128,24.55387,22.1528,-20.66121,-47.23809,12.14183,-59.7616
-8.544114,14.77596,15.21786,2.165424,5.573647,8.502712,15.43423,13.98425,28.74264,7.818153,-19.19674,-39.77415,1.893544,-46.5934
6.519019,5.233873,11.30344,-6.366196,27.49862,-1.256106,19.129,5.304125,23.75463,3.581009,-15.45612,-39.20718,-4.27171,-35.76642
6.324751,1.636822,1.869638,-9.833888,24.25734,-4.67359,19.46799,8.565136,19.904,8.549128,-19.50094,-24.97975,-1.918043,-29.66859
19.94597,0.08900146,1.768787,-13.25189,18.30281,-4.45066,10.36782,6.487561,25.54525,2.174564,-18.67062,-12.03049,-0.9668751,-35.31123
22.84275,-1.380109,-10.80178,-13.42695,4.009651,-8.889528,16.57785,5.58105,8.630987,-8.564546,-2.010735,-4.345245,16.38685,-24.61026
-18.75023,23.14367,-15.90664,-18.6259,-3.108035,3.499423,21.03916,11.89146,17.37309,19.61603,-5.936193,-11.71727,19.84922,-42.36778
-24.04629,23.42969,-18.85169,-22.02971,-12.61792,0.4588756,12.90518,-5.937846,18.10615,66.01057,-5.034601,-8.493773,15.24138,-39.13997
-32.94856,19.3492,-22.45257,-10.49734,-12.85066,-8.891541,1.504696,-24.31605,7.420985,82.14241,3.883561,-2.064155,35.61708,-35.89705
-35.70553,21.9611,-26.12763,-18.08125,-17.14872,-9.721738,-1.596436,-37.57848,4.383685,73.32706,22.10766,8.571486,32.72646,-17.11763
-26.97429,26.83367,-18.07174,-3.639572,2.256,-5.415853,-1.05671,-44.50362,-3.28594,61.21871,7.927744,0.08134639,25.5483,-20.91801
-11.53345,44.39874,-2.300174,15.35396,18.34139,7.924857,0.7764509,-40.41605,-6.351103,58.35685,-16.59441,-15.89859,-3.032203,-49.02621
18.36201,58.10769,9.857059,41.18579,34.35758,17.57628,10.57071,-36.57826,-7.263363,40.26441,-35.49411,-32.98199,-43.35686,-74.6069
32.82479,69.24657,43.42259,63.67114,37.05806,19.9873,6.663881,-26.3357,-7.394028,23.05542,-65.84354,-33.24591,-66.42149,-96.68901
60.02269,52.80189,38.31466,50.66051,38.28799,20.88391,3.226526,-31.79026,-4.570756,17.92013,-57.58891,-29.6014,-84.16682,-74.40012
29.67739,53.30619,31.97251,47.47013,36.72202,28.78249,3.294191,-25.18577,10.36776,26.59182,-52.80461,-44.38165,-67.16776,-78.64465
-0.5565339,55.30747,25.50878,52.36858,18.29354,35.04272,-6.921132,-36.88547,11.23359,24.64027,-4.952241,-59.20102,-44.04432,-69.83418
28.80127,40.86451,22.66973,27.38434,13.96561,23.9665,-0.179334,-42.76363,16.48032,25.1437,-4.407507,-54.6158,-36.36087,-60.94877
25.09532,44.63529,15.87566,16.90895,5.188554,28.07816,18.46993,-31.45177,14.26626,17.28004,-18.66628,-49.57844,-41.73431,-44.36733
-4.762558,54.64703,21.82634,17.81767,4.904998,40.28138,-4.267394,-16.43102,10.14304,11.75448,-5.155141,-45.70247,-25.40107,-59.65523
-30.76973,58.58938,21.77575,15.14683,-6.431447,42.57899,-13.83712,3.130567,19.79762,12.1484,1.072868,-33.27274,-20.26372,-69.6656
-22.78198,49.23547,9.709445,-2.459369,-13.26663,44.8617,-6.642446,-8.474422,32.53487,12.10374,0.7985057,-30.71831,-20.74508,-44.15546
-47.81823,49.91784,14.32115,7.234241,-18.67216,41.6998,-4.686535,-7.48045,33.5322,13.58912,0.1519684,-29.23461,-21.66147,-30.89282
-50.23236,41.50609,10.45537,-3.198395,-36.39472,50.31963,1.266871,3.10063,10.25334,1.144758,3.799026,-23.05169,-24.85832,15.88982
-60.05138,32.86497,12.87346,-3.582182,-32.18512,37.14054,-5.379089,18.67513,5.867218,-11.17618,7.734795,-2.257843,-20.13215,19.60785
-68.58227,31.77322,10.03934,0.8699354,-39.76611,37.36003,9.885686,30.82606,14.08492,-19.56604,-9.384665,4.095653,-36.57377,34.93804
-91.51508,31.87767,7.443792,11.68051,-47.52145,35.58298,-15.06086,36.25837,1.270979,-5.992978,20.65955,9.310128,-11.77461,17.78102
-103.7267,19.04463,2.917546,-11.71414,-40.16127,27.71139,-11.53546,47.34192,3.129789,-10.68661,19.84437,23.89643,-11.74978,45.6879
-109.2931,2.875991,-0.8592818,-14.01412,-37.81031,19.20654,4.638108,53.78717,9.328067,-19.18633,17.78707,21.2117,-24.61437,76.94283
-124.5871,8.055619,-7.486883,-16.03091,-20.22127,21.07465,-6.365156,59.30197,2.895419,-29.86208,35.58221,31.83655,-29.37732,75.18427
-97.47491,2.003403,-22.02913,-4.864579,-8.691938,20.58695,-0.2555449,47.22956,3.816765,-31.09782,19.02757,31.19073,-28.55638,69.11533
-59.62548,-2.287463,-14.96067,31.08615,-6.290528,19.68174,3.91598,41.89948,8.961783,-50.95572,7.170393,11.65848,-28.68875,38.4346
-32.91703,-15.72194,-12.14099,14.25244,-0.2910973,12.29079,7.355172,33.68342,23.70715,-42.86514,-1.995828,6.264925,-29.55848,37.93661
-32.31163,11.81455,-10.92194,26.75982,-22.77895,22.27434,12.38229,54.28452,46.28009,-42.96585,4.055753,-13.29743,-14.28922,-41.28633
-22.25092,8.437573,-17.15324,29.14686,-28.58684,13.38596,14.60747,60.07934,57.21545,-43.82117,5.069534,-5.453509,-10.64953,-60.02696
6.776895,-1.659696,-18.7284,30.49304,-32.34613,1.711761,12.95966,50.08982,55.94546,-39.73651,10.69641,0.7207045,-14.07191,-62.85111
25.59879,-0.6486233,-18.38406,26.05009,-44.51806,1.152323,14.36173,34.51632,56.52764,-46.758,26.74189,-3.418096,-10.27734,-60.9446
10.17154,-1.686541,-23.3543,36.51588,-68.65524,3.283169,8.289757,33.741,77.27868,-45.37833,36.67569,3.973429,-10.25089,-60.60383
1.303343,3.105628,-11.5542,47.14233,-65.47476,5.200794,9.442926,37.1981,81.08064,-47.02899,24.70721,-4.138386,-13.04829,-67.93635
1.600157,-4.5684,-10.20417,69.73545,-73.60775,1.881212,6.164882,38.97332,68.05183,-50.92589,28.95009,-3.036879,-13.93331,-59.08052
2.006979,-5.615463,-15.15461,70.98341,-62.93338,0.8721514,-1.387256,42.03861,66.11601,-59.40325,24.10689,8.475969,-2.592805,-67.51324
27.38619,-10.72463,-11.20423,61.18834,-41.73693,-2.421381,5.618412,28.70194,65.99603,-64.44143,6.408132,0.6474173,-0.1353586,-65.28252
13.6791,4.633133,-1.332519,78.43269,-37.61666,-5.636452,2.331279,41.79107,61.24975,-66.04327,1.785452,2.627497,3.283783,-99.18484
-15.1717,4.140147,-4.706805,71.00854,-27.37424,-20.49568,-8.241652,38.98388,67.87389,-38.89145,22.5781,4.591592,21.86961,-116.1642
-22.07806,-16.34236,-12.39483,53.08202,-24.69058,-40.0478,-13.18416,18.26719,58.18596,-28.51088,46.06657,17.47715,39.99252,-75.82273
-37.44125,-17.18662,-13.62618,38.16903,12.64815,-29.85388,-12.78594,12.49167,42.26167,-10.86745,22.85228,10.38149,28.50143,-45.54441
-24.77609,-17.10415,-13.60452,28.12281,55.16671,-21.39917,-3.253692,-4.109006,46.41716,-13.88276,-1.11322,-14.37971,26.70245,-42.78682
0.1659153,-30.25737,-16.69652,16.28471,78.05272,-44.39449,-9.531557,-39.5598,30.13366,2.209008,12.84275,-8.696433,41.9514,-32.50403
18.94327,-21.13229,-5.429847,18.26774,75.10909,-43.69047,-21.95726,-55.29292,40.8687,15.17561,-1.422656,-8.971198,58.10137,-68.56915
47.67942,-23.32255,-2.066008,29.8822,96.26596,-52.85418,-38.016,-91.96888,23.41365,22.07094,1.223627,-9.613355,78.43921,-81.13404
59.01994,-19.9748,2.669333,41.42675,132.4312,-74.95823,-42.46045,-127.0931,18.45793,49.21896,1.805896,-24.76006,102.9817,-118.7651
30.76817,6.594284,3.06651,38.43158,105.5886,-70.02945,-38.95317,-140.9639,31.94127,77.25404,6.118752,-33.60194,130.6536,-146.8684
41.5598,16.70213,15.38366,61.57031,107.5837,-65.52084,-57.10173,-160.4312,9.463779,83.9315,17.32312,-40.22626,129.5506,-159.7885
49.32691,15.47996,49.18148,29.70198,84.11875,-59.67577,-41.35909,-119.213,7.675153,69.46029,-12.9674,-36.18172,98.20863,-133.7561
-1.488389,27.31488,40.62828,35.43171,63.86269,-52.70638,-32.42281,-101.0402,-3.607463,90.08099,-11.44809,-24.51819,74.04889,-104.1359
-28.59663,36.35576,35.62684,15.37502,56.95036,-39.40522,-15.25291,-106.785,-8.261787,79.77415,-9.174696,-29.40083,70.18016,-57.38523
-8.192004,17.13889,36.60464,-31.32417,34.6578,-26.82247,-32.77972,-131.9752,-32.25112,69.38756,-15.3688,5.869428,84.50327,30.5519
-5.603796,29.93959,32.05555,-29.56346,41.42327,-18.0892,-41.16808,-126.4719,-47.82888,64.91607,-15.19474,14.75044,86.18423,14.65089
-35.20474,36.89192,56.96765,-63.06315,23.04191,-5.884804,-20.37555,-52.68159,-64.89993,31.7585,-23.27687,14.13049,63.82047,38.77571
-24.14766,30.56827,69.53671,-100.8878,28.30128,-1.033203,6.418769,19.75887,-84.29821,-8.255727,-50.50951,22.82421,32.14565,59.57838
-20.16877,21.94268,68.52633,-142.6188,19.17539,-0.2967317,13.6738,87.80109,-127.3631,-35.91238,-39.54644,37.53062,49.47733,67.77892
-45.34926,24.99574,44.09855,-156.9506,25.91099,15.85878,30.43841,143.1424,-114.9124,-41.95565,-49.52322,21.51744,69.19028,33.53857
-43.03777,12.76617,11.16136,-165.4061,23.40931,14.96691,49.42582,150.6843,-89.43118,-11.90022,-51.04171,-0.6460204,87.952,11.09712
-55.33017,0.8145071,15.35095,-168.279,-0.667426,-2.347102,45.31201,174.6235,-105.3037,-10.52931,-33.60823,31.5893,69.56348,38.81115
-27.77069,-13.20793,5.701921,-200.9975,-40.29416,23.59331,49.90281,195.6189,-114.4039,-36.27176,-36.31064,59.16378,21.62028,113.6556
-19.59465,-19.94441,-6.09893,-207.3295,-33.05656,56.55395,33.97061,192.5238,-158.625,-16.74815,-57.40536,63.27496,6.292734,166.1865
-30.24832,-33.89491,-30.3395,-191.5895,-18.23378,63.90963,41.58819,168.1581,-167.1357,-9.05884,-44.92185,49.08449,-16.36606,219.0481
-51.41608,-39.58237,-34.19125,-162.034,-37.35928,59.13866,28.83981,135.4333,-140.4277,32.94223,-24.34002,15.3826,30.12109,187.493
-82.22044,-35.0094,-18.04733,-151.9151,-44.4117,45.06038,20.41135,125.3605,-98.64777,45.82957,-23.95483,1.294156,76.58822,139.6623
-101.0289,-44.24799,-36.58954,-133.4364,-44.03852,23.55525,15.40767,65.11345,-30.37289,79.1968,-15.25999,-9.826309,120.4068,111.1205
-79.82783,-35.56033,-24.97103,-122.4048,-46.87189,24.02432,24.81628,27.86956,-37.35961,117.129,-32.76493,-34.86134,110.4581,110.3245
-45.37703,-30.50363,-23.5148,-119.9106,-65.81329,30.1035,27.78138,27.26571,-55.11858,95.00165,-29.49711,-9.096154,58.84623,139.8327
-69.5619,-22.99178,-12.32668,-75.42542,-76.7237,27.12393,-1.368747,21.02527,-69.89013,85.72087,1.455166,17.87691,23.39883,151.6873
-83.46115,-14.47669,-4.931883,-90.8322,-107.2371,44.47608,3.40748,33.87132,-48.9104,69.3679,-8.320939,38.41615,-20.92691,189.5583
-64.49973,-19.99991,-7.927145,-75.74816,-113.0126,76.27797,-10.37636,23.73165,-40.39808,54.41861,-20.03546,28.43383,-39.20504,208.3404
-78.96101,-20.68968,5.659334,-59.44841,-107.3567,79.08891,-20.67151,39.50756,-47.89811,65.96174,-16.50471,17.51183,-56.98938,200.7902
-96.30875,2.477512,-9.026046,-60.58242,-119.6831,76.07909,-15.06756,32.83872,24.11659,100.3207,-23.73434,10.87166,-40.46933,118.1673
-88.98534,-2.3998,-1.853432,-10.51652,-139.1001,65.48895,-51.11275,-15.02045,41.76463,123.5103,17.41475,-13.10177,9.303099,64.60841
-100.7109,-2.103623,7.723809,-3.273076,-178.9497,46.97763,-48.041,-17.56134,72.64329,138.2632,12.09816,-0.296533,27.6977,45.53239
-110.654,17.97079,17.85527,27.25808,-198.7894,31.27791,-40.67773,-23.56918,85.61758,130.7323,31.53049,0.0770636,22.38941,8.981459
-81.26424,26.56776,34.92171,39.61725,-223.1334,46.86534,-45.73161,-21.47365,75.21378,91.74407,23.89611,8.077721,10.48838,14.21086
-147.0768,21.09421,38.11503,35.13184,-227.4936,44.64484,-56.26451,-13.80891,83.00235,93.63689,35.44766,27.9919,3.270977,62.30807
-156.6336,26.19417,44.57473,8.767292,-219.6388,51.61832,-8.856124,18.59471,67.96454,53.03544,17.50953,15.25398,-32.88956,114.5054
-171.7345,44.4178,53.20636,26.73976,-254.8798,66.76926,-35.07781,36.89991,74.11868,29.61881,47.1413,22.44558,-12.57588,72.9106
-175.906,57.30268,50.47379,75.8163,-267.2889,65.32433,-51.21859,15.54862,54.28238,35.52679,71.35695,18.72238,5.96033,44.09909
-87.97897,34.51719,43.5134,48.0745,-270.7379,52.16574,-5.561533,-28.79525,50.89189,27.87507,48.40523,3.048875,-12.58014,97.16198
-121.6206,44.33005,56.87639,70.16669,-334.6687,61.22361,-20.78987,-8.836767,97.55495,3.170627,68.59557,19.06472,-14.11103,79.04444
-135.1077,46.19043,74.10852,107.8775,-366.6912,58.5199,-21.73664,15.97033,145.1432,-36.52424,64.84638,21.49513,-16.21108,42.1194
-85.14552,34.78817,83.10292,93.05445,-360.4651,50.15163,-1.527539,27.06433,99.29506,-60.95139,47.97264,33.50399,-44.33407,83.49048
-50.19693,-9.700297,65.55738,94.81492,-330.126,30.34432,0.86127,5.315153,53.52612,-87.95071,55.32602,54.74765,-53.0198,170.501
-109.3592,3.252063,71.10995,102.8489,-380.5692,24.21645,-15.41552,35.99074,67.57064,-38.66915,81.74278,66.25498,-44.22266,135.2493
-95.408,-11.92811,55.52073,129.6215,-342.483,-2.593507,2.981867,37.31865,41.94235,-30.07907,72.25322,61.18784,-46.49311,128.1587
5.126735,-79.041,20.89389,116.5845,-196.8519,-30.42941,22.31668,-45.97171,-4.98968,-50.78803,37.33169,48.6419,-76.58267,233.7589
-61.72672,-58.00999,37.29916,145.1315,-177.0544,-11.01865,-50.41345,-33.00963,40.23668,-0.5866351,54.88761,31.3376,-36.3871,119.314
-64.73678,-62.36672,47.98096,163.3104,-194.449,-51.03682,-23.7565,-35.6426,105.0302,30.04895,77.06789,-17.30253,-8.91651,34.76903
-93.08137,-29.76497,48.63863,169.2396,-199.2439,-66.40816,4.0035,-0.7668087,132.5683,63.05768,70.07159,-24.4693,-32.03511,-41.80962
-68.76537,-39.92148,25.67168,184.1214,-212.5216,-103.7811,58.00057,-27.54398,123.5117,73.05334,44.74443,-13.43103,-32.09916,-11.0394
-17.66204,-44.86576,-52.8167,216.4158,-193.8382,-113.0751,106.1669,-214.7385,176.3227,99.97497,28.26727,-48.16196,20.10063,37.90989
-81.03636,-5.959244,9.722655,232.3188,-247.5596,-89.1629,62.83649,-222.6752,173.9603,81.96159,21.22112,-30.73054,56.44013,38.66281
-147.2702,-76.41979,-7.564441,64.43795,929.9573,-121.0669,-28.9752,-222.0634,-28.5086,-83.7381,-129.2764,-116.6091,-126.6206,93.71736
88.11699,-203.928,-144.8989,-156.5504,2456.837,-159.898,-199.4827,-312.6796,-211.6072,-247.4267,-286.3351,-240.7554,-290.4651,-90.92685
410.6303,-194.6154,-154.841,-192.5519,2426.721,-151.6223,-200.113,-273.5847,-222.104,-292.8176,-320.4068,-215.0858,-322.6879,-296.9216
514.2593,-119.7455,-128.2641,-87.39817,1855.433,-125.0483,-146.9496,-211.9339,-154.519,-261.5531,-259.8064,-168.2493,-277.1143,-429.1107
564.4299,-78.39235,-84.65536,-71.09474,1401.917,-112.2312,-98.96977,-155.376,-120.2489,-221.6975,-217.0085,-120.3167,-239.686,-446.6702
490.3455,-35.27366,-38.57257,-30.09174,1007.299,-96.56385,-56.97536,-86.56165,-63.7354,-185.8813,-205.1723,-74.1674,-191.8488,-432.8004
440.5206,-8.589861,-37.73304,3.2546,733.8036,-72.31462,-38.62415,-63.32501,-24.22854,-149.4242,-166.8175,-62.46354,-118.9047,-435.1537
423.7226,2.243394,-32.56209,-12.87867,532.4196,-58.64545,-15.83127,-46.52232,-13.11562,-138.0668,-136.9333,-38.20617,-76.99291,-388.631
339.5202,27.18365,-5.985863,-21.03871,387.1634,-31.21082,-3.095627,11.72084,-18.01762,-134.2104,-125.7281,-24.27455,-60.27758,-341.7489
281.8862,33.75899,-7.344824,-14.08964,235.8749,-9.252416,14.13875,32.85083,-13.52844,-113.9518,-109.011,-9.304706,-49.64643,-272.3803
262.0884,30.11826,3.66353,-47.66413,133.2512,-4.457402,17.46438,65.0547,-18.90609,-110.4379,-87.24364,21.85595,-44.38186,-220.4053
259.6859,28.8614,-18.22819,-83.46996,48.87741,8.715548,54.9342,79.27358,8.303782,-87.56446,-79.67456,13.59941,-43.98962,-189.3245
261.211,26.49537,-25.94089,-57.25508,-80.55402,11.61738,68.6541,81.0684,36.74321,-63.56889,-63.5174,18.36442,-26.88938,-186.4282
245.4263,48.49603,-10.16318,-50.27957,-163.8183,29.20745,69.44362,117.8966,34.69582,-74.14853,-50.03566,23.05439,-14.38631,-205.3887
214.1331,34.10892,-17.94154,-11.70799,-235.0687,23.75603,84.24866,117.1311,47.86984,-58.2,-36.19695,22.25799,-20.56936,-163.821
149.0036,41.02034,-5.996743,17.45533,-303.912,30.08924,57.94362,123.9036,68.93353,-51.45741,-6.059483,38.33223,-1.476787,-157.779
173.0618,28.60836,-8.881553,11.04633,-303.1968,34.20803,35.21996,98.37042,52.81221,-56.9613,1.847609,66.58179,-20.16898,-112.5478
165.8502,12.2255,-23.2605,8.068066,-347.3536,19.93284,31.80756,79.32153,57.81791,-38.67788,26.17682,89.9085,-5.614007,-76.2028
169.0179,24.70969,-19.46014,2.560033,-395.0202,34.31687,54.88549,96.66019,53.17994,-59.00404,26.8241,87.04018,-18.79491,-56.91504
132.2634,21.03891,-22.48226,11.79149,-368.0068,31.43646,56.06715,79.14336,42.09016,-67.9137,28.62691,87.89552,-19.64837,-12.30221
68.41342,28.5265,-31.66765,31.46454,-352.4208,32.90411,56.05412,62.20139,40.72936,-72.35799,33.16844,87.56537,-0.8081313,16.22741
58.98518,40.09155,-18.86005,29.0139,-340.4199,27.87585,55.16197,62.53497,20.37197,-84.89747,33.31604,98.471,-4.778244,23.13332
61.60716,41.04948,-8.34876,10.44728,-359.5815,40.9249,45.66725,55.26408,33.94248,-95.99056,22.3728,105.2059,10.87867,36.56086
10.89742,27.60582,1.347078,12.21257,-323.797,43.44851,46.57925,42.91687,4.783995,-112.6146,24.14087,93.98916,8.521523,119.9686
-55.81504,34.92136,11.53736,1.816644,-278.8939,53.26911,23.13947,53.72703,-22.47614,-136.3539,48.65908,99.85049,9.633385,156.9851
-61.32714,33.83361,20.51628,13.06152,-244.2404,56.95974,32.72791,68.42116,-22.1636,-171.286,32.17667,89.42091,-12.81695,164.7164
-58.5327,46.69592,23.5418,11.59787,-190.8699,73.29575,34.71632,69.91579,-41.13792,-188.7224,30.14244,58.29638,-19.39548,150.4562
-73.74466,43.56115,27.27728,17.97589,-144.6669,67.53559,27.35613,63.52507,-69.15277,-203.668,38.23114,55.74509,-18.6335,168.6586
-91.70033,48.85541,7.053965,17.15666,-107.2693,63.13326,47.50923,31.09202,-36.84486,-205.5801,34.53349,37.70895,-14.59837,168.95
-57.93326,49.00376,21.04468,20.04207,-94.08643,55.31451,26.88727,-0.9247993,-46.66564,-220.8509,47.10931,38.90827,11.73082,150.4204
-56.2608,55.60575,22.69414,53.02691,-73.22179,50.36129,29.51353,-25.53559,-31.35943,-221.8152,39.11078,14.08704,30.9159,112.8776
-19.93863,59.13673,16.39269,70.24317,-61.31454,42.92108,15.81332,-70.35224,-31.77823,-211.6633,59.04172,-0.6750153,61.25045,70.92293
-9.179004,65.34892,44.44883,80.88523,-73.45421,31.41817,17.65731,-66.18364,-23.53911,-241.1528,57.0481,-3.799721,77.23028,43.2717
-15.03011,53.9937,28.56126,79.18056,-47.26592,29.05528,12.4589,-110.4573,-42.30843,-201.2129,73.96187,-29.12571,99.91102,68.2778
-100.5852,64.1282,43.50126,111.4736,-91.77071,11.12756,-11.9702,-104.6165,194.0509,-304.9656,106.7202,-3.844772,134.0875,-47.33634
-124.4733,82.41348,65.83932,106.0538,-115.4341,47.43299,-0.8930622,-41.65012,240.6086,-394.0526,103.5211,-23.52881,125.8088,-71.64606
-52.72289,48.3778,57.10435,97.4336,-77.73241,52.70592,-11.48963,-82.43926,58.58599,-302.2134,109.0717,-52.79049,121.656,34.45277
-61.28104,54.79833,62.26936,86.63116,-80.73679,54.60451,4.82514,-90.42797,75.82569,-279.9962,77.61958,-61.71777,118.3823,39.20382
-65.34738,54.43082,37.7555,105.0576,-66.40199,48.85698,-23.25636,-155.9204,39.98896,-218.922,114.9326,-70.0421,158.2345,40.6334
-111.3327,44.00948,48.6011,67.68215,-83.5101,43.21348,-59.30317,-114.5857,36.52949,-165.1972,126.3246,-40.42663,169.637,38.35831
-92.85136,16.7527,60.65923,-11.69541,-97.1452,30.31009,-34.03023,-55.21753,4.448059,37.70538,64.78725,-63.2103,84.32983,55.15751
-74.45311,-30.97457,22.44895,-47.17872,-108.9249,-12.32531,-17.82594,-155.62,15.23533,359.7368,14.97787,-103.2764,41.03204,97.14796
-111.1948,-60.36205,34.04115,-101.4696,-159.2948,-32.14389,-23.37927,-110.3159,-16.55005,520.2792,4.403608,-90.63598,2.813641,143.8087
-173.2524,-75.28938,25.82295,-137.0487,-202.2861,-33.56326,-26.58576,-7.778809,-68.13899,625.7773,-2.152992,-55.86892,-48.67494,179.0399
-236.453,-102.4103,-20.62118,-171.2951,-211.9433,-37.34602,-5.864597,46.81104,-59.43764,695.5826,-16.03782,-31.15295,-84.78252,234.9507
-288.3769,-123.7853,-34.19891,-197.7182,-202.968,-43.06574,-1.075068,99.1155,-56.65169,727.2239,-17.45629,-20.18736,-107.1038,266.2477
-322.7699,-122.8724,-51.11447,-189.5971,-143.2984,-24.16227,-8.665178,142.7422,-91.38519,690.4497,-35.21605,-4.727639,-123.2634,283.8798
-309.4401,-133.7868,-73.77939,-170.1331,-107.8476,-29.891,-9.199543,136.8183,-103.6409,645.9247,-24.61932,0.5618663,-103.8407,282.8734
-324.2203,-124.7892,-77.40999,-159.848,-96.48702,-29.46282,1.534285,153.4157,-67.29777,587.1793,-21.82138,3.162206,-102.3745,258.4193
-339.8768,-109.1658,-88.96334,-114.7596,-48.67351,-10.04887,3.914585,154.0488,-57.76438,494.4823,-32.7713,7.472382,-113.721,255.8264
-348.4841,-91.57632,-95.56908,-62.57205,-61.16509,10.81315,-26.64351,103.2036,-12.49086,390.6765,14.38099,-0.9627404,-36.0656,216.455
-237.9162,-105.5426,-77.56555,-47.81684,-115.0783,0.6772422,-25.50676,69.34003,31.06155,366.5134,11.10835,-10.71923,-26.44892,167.8938
-19.5903,-114.4103,-83.20344,-21.58125,-186.4213,-8.501188,-27.24876,39.52239,-2.128285,367.5695,22.55899,-15.37404,-17.15016,65.958
53.82291,-83.56067,-79.30702,-5.866562,-239.6163,-17.2885,-23.06576,46.56654,23.78891,452.3434,3.815931,-29.93573,-19.40508,-82.29215
48.37649,-74.77106,-65.92637,-3.198804,-244.576,-34.99996,-51.87825,54.35023,39.18298,554.2055,9.277422,-37.86516,-18.47699,-173.7001
75.84523,-73.50757,-49.46808,-25.2442,-246.1906,-28.33817,-60.1284,74.83669,23.82735,526.2501,14.2103,-33.44088,-17.38225,-181.2696
84.44022,-79.54617,-52.46397,-40.00066,-225.2101,-40.95666,-11.19003,68.73857,27.05216,469.0229,-12.02014,-27.6551,-40.52113,-119.69
61.08333,-71.85808,-62.37318,7.109821,-206.998,-36.15692,-14.39857,8.343221,34.36566,332.4447,42.59798,-18.34875,-12.90816,-62.90307
-8.185474,-31.3254,-40.1361,33.66783,-194.0298,-15.34621,-2.866763,21.17581,48.07727,222.3694,44.2568,-9.104582,-28.98557,-39.56725
-52.36733,-12.50407,-35.55188,34.22944,-183.721,0.06807601,-7.832736,18.66654,16.17761,135.5741,75.90096,10.8084,-16.52905,17.08097
-46.93468,-10.19707,-33.5173,24.46902,-159.9863,7.234622,17.36056,27.12401,8.421128,86.80104,57.15285,6.888649,-35.67178,50.85529
-46.78969,13.27138,-26.42616,13.58484,-136.4945,27.48485,3.51146,48.03469,8.147295,52.11075,54.32377,7.526995,-26.04379,7.758139
-53.6608,11.13317,-21.39969,34.77464,-112.3797,12.91689,-13.12303,50.6366,0.507723,-2.847212,81.97689,21.09091,0.6031628,-10.22955
5.260385,-4.390381,0.6654873,1.068992,-94.49053,-10.69476,-1.259075,70.00969,8.583212,-86.3411,76.25105,32.8053,32.11184,-29.5801
75.61822,-8.839228,4.639214,-42.12932,-48.98235,5.151442,-4.921819,60.43334,-11.85954,-166.7239,79.4378,28.31168,50.27732,-20.41283
122.3665,0.3035419,-17.28482,-10.41742,-23.2298,16.56087,3.007149,2.353101,12.66307,-210.3947,72.87926,18.66961,42.45166,-29.92807
159.3063,-1.646983,-25.0855,-1.878652,-16.02392,10.14506,6.609808,-64.75614,9.291398,-231.3271,86.62924,9.451351,71.6123,-12.32721
133.7808,11.75826,1.266188,13.37311,-13.99038,19.92907,-19.7386,-67.54809,3.995147,-237.219,93.14595,15.6738,54.74183,-9.168081
101.7183,32.60884,20.18665,6.27634,-55.84989,28.97243,-25.76996,-32.783,-15.10766,-251.2317,106.1774,42.46261,37.98469,4.354933
107.2205,28.11523,6.640725,9.147269,-45.94741,41.9107,9.765599,-22.20068,-21.218,-297.2736,93.73485,33.77726,-2.162255,58.48986
68.51144,27.68022,13.04892,27.03947,-72.33861,52.46702,-15.41436,-23.38403,3.13554,-292.3915,94.5667,46.74087,5.512356,64.82603
61.96391,30.5659,8.247842,21.70098,-73.95514,44.43074,31.60275,-16.05704,-9.587843,-290.1899,86.05874,28.10233,-21.20611,98.32284
59.68369,40.57976,7.932652,39.64964,-61.35172,52.83276,15.01642,-1.328251,1.102112,-299.8509,93.33739,26.21456,-26.0811,52.26304
108.4912,10.44663,-11.47698,32.47488,-14.61586,29.56719,24.04493,-19.08576,-8.55889,-303.8926,77.02274,35.56939,-27.5792,67.59234
166.0847,-3.063031,-14.58109,26.18224,32.07463,-7.428099,54.55361,-35.64682,-26.14706,-277.9257,56.75117,11.14353,-16.44129,34.44321
195.8483,13.24067,6.398624,59.86007,18.33149,-66.32044,42.70127,-46.11523,-15.47727,-256.6387,112.0733,4.310136,38.7416,-106.9537
215.2863,52.41011,24.26514,63.57314,-9.765717,-55.73818,31.55349,11.13542,15.81558,-270.9328,116.8691,8.197515,31.93046,-234.5995
231.7927,44.15277,21.75077,59.56434,-7.868995,-46.54026,5.751006,29.08224,19.49414,-229.2572,80.36827,26.88773,26.6398,-261.8173
206.3718,56.12621,29.32692,70.25161,4.222797,-46.06441,33.6647,66.35815,45.05024,-207.8067,-25.12242,41.44281,11.50109,-285.3227
143.1489,129.2701,-73.15514,228.5212,56.87775,-14.64216,-3.086279,-190.4938,125.0801,-40.84234,-89.98405,-9.726227,150.5674,-411.5352
72.88167,143.3157,-19.79052,288.5685,74.68655,-27.63067,-92.26818,-322.1573,224.3544,-39.95303,-60.78658,5.255127,180.8133,-427.2888
47.42651,126.744,63.17683,170.0262,92.83466,-16.16076,-27.34343,-204.6556,188.613,-166.5435,-110.2141,19.55324,64.77817,-248.2352
28.04339,119.5737,37.20719,163.5233,129.1733,-15.93883,-14.97977,-300.4338,107.1544,-78.65999,-109.4176,-11.47804,84.08392,-137.8509
17.13527,102.5692,76.77581,139.8542,163.7158,-22.44354,-49.73802,-284.0454,80.62415,-75.88245,-118.7349,3.593832,77.13761,-110.5614
36.56555,83.46271,82.0832,88.92008,213.8556,-6.958447,-47.01498,-226.1909,37.00219,-67.88137,-137.7821,-8.49178,33.73014,-81.29984
-0.2203536,56.96265,84.27966,53.52261,226.8212,-26.20499,-36.37896,-142.7011,26.78541,-49.69411,-107.9082,-28.46047,36.30365,-93.10691
10.50435,34.83492,57.30309,32.04073,225.3193,-34.62394,-24.95321,-136.9137,8.318158,-6.735301,-102.2836,-46.87071,77.77772,-93.71776
9.125466,-6.117908,75.60645,-1.782894,204.0418,-49.70489,-35.55141,-98.24355,-34.23758,22.75222,-103.9756,-27.74853,75.92312,-30.08673
-90.07584,-2.790708,70.78369,-82.47343,150.0042,-37.29017,-2.720206,79.14033,-21.64321,-8.106214,-106.3461,23.61462,30.76204,-2.85904
-140.831,-9.56795,45.1841,-97.50703,129.0074,-32.85231,17.92346,119.2838,-42.14865,8.512599,-96.17215,38.53718,4.623726,56.00685
-146.9263,-50.51317,19.63523,-100.8802,147.837,-64.10879,20.67644,79.18033,-49.35997,39.98574,-89.18735,49.32962,26.55137,117.7799
-146.6832,-58.63134,-18.36325,-83.50867,184.5795,-79.54668,20.09099,41.58727,-49.92828,46.31427,-64.12306,54.47868,33.05015,120.6835
-138.4971,-50.28475,-30.98398,-65.75677,275.2493,-68.09463,8.886255,25.44415,-47.63843,27.84804,-70.43872,33.28369,13.72568,87.2572
-58.69182,-45.89414,-18.45075,-47.02357,371.3773,-57.17038,-2.683109,41.57614,-140.1431,-9.798964,-87.09705,17.89062,-26.1289,62.23767
-48.51833,-23.13063,3.700162,-56.99786,418.0687,-32.77333,11.598,57.21328,-177.6908,-35.88265,-139.0781,-0.3509422,-42.45021,66.29272
-100.0765,-4.904299,9.143217,-87.35166,396.5812,-27.32204,36.62978,95.62548,-144.0968,-30.01097,-132.8312,-15.51276,-51.02323,55.14973
-83.51658,-9.708467,-1.701465,-90.70326,348.868,-29.86506,60.24166,105.4771,-142.4761,-27.79881,-127.4295,-14.84763,-54.04002,67.50014
-75.37774,-2.14939,6.090118,-99.32439,286.6638,-12.82229,58.64064,125.0853,-125.3054,-52.92279,-121.8558,-5.023502,-44.09832,62.39976
-77.6582,2.21159,-13.36456,-87.99455,243.5463,-9.642517,69.92779,133.7105,-116.4716,-49.27216,-96.7273,-8.440457,-39.90871,50.08375
-54.14278,-12.7251,-5.924395,-104.2152,185.666,-11.62315,91.42693,160.4706,-107.6896,-73.21066,-94.47935,7.408825,-74.48528,93.52313
-92.59177,4.507546,-11.27373,-82.30312,127.7742,2.805146,93.94681,177.6457,-76.07714,-86.76655,-73.88157,5.312668,-61.54391,72.44571
-89.7282,16.6958,-33.96053,-43.66838,100.6865,13.71478,83.94508,118.4327,-47.67963,-81.23823,-65.6961,2.770902,-30.34509,56.07045
-40.86143,13.19602,-12.56519,-39.52381,81.11756,36.44686,79.3047,112.9695,-65.03408,-109.4208,-88.25284,0.6250618,-54.26175,86.26025
-50.97733,7.82228,-16.99319,-31.7272,69.63484,47.01372,52.9233,94.97526,-47.48389,-100.2007,-59.04943,-6.049743,-43.93139,84.04346
-48.94172,21.35632,-9.526328,-22.91623,76.8744,62.14315,56.607,128.5138,-73.25254,-120.2232,-70.77657,-9.576058,-61.94589,71.66383
-97.58716,44.69569,-1.612209,-7.253841,39.30396,68.02908,17.9493,182.1225,-57.87579,-122.8178,-35.21532,5.659528,-13.41773,-21.98018
-84.73975,47.18424,-3.741279,-20.15765,10.67307,44.2942,8.29791,210.9778,-38.61789,-96.36632,1.455731,17.73255,1.229463,-98.22202
2.886167,35.97722,-29.85087,-18.41594,40.30548,46.12881,48.26233,163.8392,-44.64281,-108.8605,-20.62679,-18.27106,-9.834959,-86.8962
9.39755,31.46402,-36.95969,-11.30002,36.3622,45.49942,36.64436,115.7178,-22.63147,-98.2171,-14.88784,-23.12105,16.82356,-84.79168
10.5193,20.06864,-26.49904,-28.39914,-0.3712175,28.9644,41.34406,123.91,-31.42912,-101.1814,-9.463223,0.7124043,25.23699,-53.41265
40.27493,13.82697,-2.315073,-25.22083,-28.03517,4.146939,36.95182,118.349,-20.29197,-114.5268,-0.5005935,20.24788,21.82534,-64.73245
61.48536,6.33239,-29.07705,-22.06002,-36.60543,5.173099,46.43015,77.23674,11.27555,-118.2114,18.26743,8.691206,28.22818,-57.1662
50.4891,32.56445,-31.479,-10.66306,-64.41855,20.55357,21.62449,45.61563,45.80812,-97.3234,30.19139,11.65236,47.76564,-102.3807
72.96741,44.33578,22.29296,12.33723,-41.47078,10.77038,15.01328,43.37132,28.92578,-114.238,20.35674,4.202686,-7.122962,-111.7418
100.4767,37.88308,34.3742,25.21114,-15.60041,20.41235,34.41506,37.66042,30.20275,-143.2238,-15.21805,-19.61929,-37.36257,-89.6115
115.7589,11.12735,28.44558,43.236,-5.837398,0.5225576,14.35515,-8.884661,40.16864,-129.8149,4.833455,-16.2056,-24.26849,-73.43658
63.49871,18.8882,38.3977,26.17546,-19.67498,6.132466,4.190036,-1.76936,38.29188,-129.3013,53.09316,-40.36144,16.16161,-73.7221
75.78739,35.80832,53.23571,37.06042,-6.21238,24.58242,-6.531529,8.452473,6.733092,-179.2095,31.79004,-26.27199,20.66351,-75.88798
88.51109,15.70749,59.11936,37.72941,11.7983,11.26101,-21.94718,-15.72121,-4.736656,-216.5782,71.71778,-20.56585,22.71445,-39.00976
70.3329,19.611,59.10913,25.81195,-2.480261,19.4462,-20.03755,-8.355779,8.474625,-227.4539,56.58659,-10.76542,40.06359,-30.34302
56.32872,38.53399,69.95181,27.41904,-9.143263,29.7919,-28.84115,26.82534,-20.57818,-266.807,61.3064,16.8866,28.85148,-30.5256
35.1701,67.44113,66.31241,13.73523,-12.90516,50.88285,-2.861542,53.24575,-25.85094,-285.4903,52.60115,5.975719,15.59307,-33.8494
33.28098,73.88143,60.68029,30.6548,-1.135938,26.72848,4.044471,53.64654,-50.9366,-324.6964,65.70628,33.50219,34.8723,-40.22875
39.31524,65.32124,64.22448,28.33977,13.82024,25.05479,-9.587848,48.04262,-45.47304,-333.8088,78.74949,31.56293,36.02966,-41.59069
13.64592,65.80565,42.66546,39.56874,48.36259,14.38345,6.54651,26.41069,-36.81032,-330.9306,80.69946,21.43884,43.39782,-35.18415
4.280995,75.28365,29.55756,59.11676,41.80782,10.7429,4.547448,-25.80693,-24.52411,-361.9125,95.25779,23.43281,105.3335,-37.11754
14.96335,61.00943,40.83492,98.04337,42.18382,-16.72267,-34.91999,-116.9677,-17.09937,-348.0773,108.8198,32.73917,174.8527,-39.65942
4.727625,68.45264,52.87501,114.571,30.74509,-16.95059,-38.89342,-170.483,3.141692,-371.5685,120.6037,29.65987,186.2009,-13.08185
35.10896,48.22723,65.35435,106.1381,32.14732,-11.15208,-53.17347,-211.9157,-16.1872,-357.756,109.8788,32.24759,167.3621,53.72003
0.973153,58.37583,72.31963,125.2519,4.911606,3.330581,-75.4809,-202.7538,-23.25312,-312.4079,126.6716,25.74992,150.7643,45.54738
-77.21915,19.45988,21.61704,77.30495,-83.12487,5.438463,-100.4046,-251.9702,41.60822,193.0587,71.28341,-39.60131,85.02573,37.52381
-165.8071,-75.98238,-27.60321,-8.269655,-158.0909,-50.00381,-166.2113,-323.3759,84.40611,947.5862,-4.58154,-96.90868,11.75015,33.09187
-193.9357,-104.1053,-34.40829,-66.68505,-205.3162,-63.03292,-170.8366,-286.8096,80.08032,1227.926,-45.78769,-114.5621,-52.97563,30.4488
-199.3368,-105.0555,-48.96991,-120.4313,-217.7773,-49.26596,-154.5134,-209.5936,54.9306,1251.681,-62.91224,-100.6272,-73.47321,35.34468
-180.924,-101.6372,-52.12044,-137.6242,-208.2187,-31.4406,-136.9349,-132.8304,25.87591,1098.799,-44.71019,-85.10547,-50.10671,36.97756
-121.0605,-117.5557,-43.54725,-127.4698,-201.2959,-24.64432,-125.9101,-86.36203,13.07397,959.1267,-59.69594,-56.97609,-62.63888,54.95551
-120.3342,-119.3059,-51.21249,-120.3388,-206.2568,-23.40917,-113.232,-55.85147,13.93064,856.6379,-32.0965,-37.90433,-62.30276,71.6757
-123.5444,-112.6046,-38.18416,-101.8725,-219.7906,-20.64734,-93.71924,-20.77671,20.88465,777.0679,-41.9958,-25.91978,-77.09397,78.1965
-93.8034,-113.7591,-45.11362,-102.5466,-207.2779,-11.42546,-71.42368,-4.418356,20.16837,691.8244,-45.22064,-19.91055,-96.0737,98.98006
-76.40922,-122.7904,-47.77211,-109.6329,-200.1568,-14.0284,-48.20123,19.08456,18.35877,604.3484,-26.17842,-16.01633,-107.5681,126.962
-68.46149,-112.3904,-41.71946,-111.8292,-223.3545,-1.312455,-41.67784,75.14873,27.19574,569.3605,-43.7985,-6.266857,-109.6217,88.72733
-51.92882,-105.3946,-69.70284,-60.75462,-205.2613,-5.443129,-47.30299,29.3407,45.6174,526.2432,-11.17066,-18.10197,-69.32864,43.18812
-39.14303,-98.44263,-49.22387,-26.71006,-152.2554,-11.82018,-47.44195,-2.638733,34.22952,420.5052,-11.28077,-22.17642,-42.22799,48.62619
-30.89435,-64.35065,-46.06628,-35.72834,-116.2927,6.607946,-27.93359,-13.707,38.49113,339.4196,0.2899004,-51.58612,-17.74734,19.49771
-33.52422,-46.63287,-29.53406,-1.9476,-123.3913,0.5176966,-38.40068,-39.56375,56.25603,273.6184,26.38402,-43.06297,1.759208,-2.478059
-5.580173,-43.96064,-10.83081,-7.576367,-110.9272,7.502189,-29.6386,-33.22521,49.82711,206.3944,11.40546,-29.67708,-31.83958,28.12647
-25.94609,-24.35086,-13.00033,-14.17668,-111.9055,22.41078,-36.32775,-15.97836,58.72567,207.0312,18.89368,-28.83708,-39.24575,2.707001
-20.50694,-13.6671,-5.950478,1.076405,-124.3575,24.39385,-32.9962,-9.845142,56.20189,165.8981,22.94781,-24.07987,-29.13363,-9.981144
11.87443,-11.75643,5.252967,-9.659265,-116.9025,33.28395,-8.945675,9.941999,32.60603,65.66767,21.09416,-21.95566,-33.42777,22.9261
-10.44222,-0.4415298,9.236049,-3.558465,-128.1048,41.44474,1.575685,50.43461,45.47758,0.7218233,7.521055,4.712034,-46.76395,28.18739
11.11525,1.210399,10.81683,3.893115,-127.4896,36.20642,10.36813,54.81649,44.33597,-67.29222,28.06557,11.0874,-42.96244,25.8287
10.6738,8.18006,23.50252,16.38226,-111.2596,22.15226,14.65495,69.67239,34.77447,-139.2041,46.33245,18.77162,-22.00971,7.376724
75.52999,-27.92686,9.498359,-3.697575,-88.12398,10.85655,44.86079,53.39879,20.52957,-176.9696,28.93857,20.18479,-41.66384,74.58442
85.84338,-27.76451,7.06978,-22.78996,-86.32355,6.417499,68.17598,74.56977,23.46391,-210.0748,21.41836,24.89018,-43.44432,78.54825
32.67513,2.50714,7.587939,-31.65451,-104.6415,20.43208,81.4342,127.6199,30.22608,-218.3983,18.11085,25.95652,-37.78213,45.92664
22.51994,-0.08009433,6.535652,-30.73339,-98.66455,22.29694,52.52841,134.5552,14.85236,-229.7254,38.44655,46.90765,-23.36318,43.92389
38.16646,0.8827742,-5.628516,-49.25452,-80.13498,15.38471,61.27478,124.4702,29.07014,-248.7976,31.95648,63.63269,-26.04899,45.02639
28.48473,16.72088,-19.6522,-21.44893,-82.20294,31.93923,65.22611,111.342,44.07506,-266.3509,36.59237,47.87017,-18.11979,25.52427
35.26728,28.85405,-19.32559,-21.25205,-85.16766,31.09793,79.87938,96.91033,54.25417,-273.2372,30.68049,37.64547,-7.170506,11.56396
37.49165,42.71063,-15.20426,-14.31782,-105.5039,35.89999,82.44563,87.86592,63.1282,-277.7823,43.62874,34.26357,-17.98577,3.359768
25.68337,55.4157,-9.01708,4.5051,-117.9897,40.39167,66.31806,85.53795,41.59726,-270.6559,48.17479,38.13277,7.077879,-15.17187
53.74151,48.3166,-5.592832,-19.16003,-109.4774,33.78789,101.5705,87.08733,23.16327,-271.162,28.90978,18.31449,-0.5813743,11.08228
14.25207,68.83188,14.64134,4.097528,-155.9639,44.62029,72.03159,121.9731,34.59468,-293.9371,50.09503,42.22383,6.930315,-24.39053
30.23538,58.4343,-6.818292,10.29197,-148.5786,26.70369,92.66392,93.13783,30.30683,-256.5962,47.32546,29.53514,12.22609,-18.86749
67.7033,51.26189,-24.45213,43.71341,-126.8798,21.21646,88.422,40.27907,5.273335,-223.7806,49.62538,10.7183,19.8024,-22.90292
62.77743,66.26659,-12.8581,90.93462,-139.8105,16.35971,44.27129,3.740414,11.238,-221.286,60.94651,32.50096,55.76389,-70.84477
75.76006,61.83223,-18.66581,86.6348,-135.4868,18.90603,77.54406,-7.687697,9.77906,-226.1558,33.82402,13.71213,48.61131,-38.60751
42.96095,51.84757,-13.48341,84.08618,-133.9924,22.20872,74.43905,-8.75632,4.585766,-222.7284,32.14474,13.29873,45.84818,7.540714
-1.748426,39.03091,10.39248,66.49769,-97.91443,-2.092013,39.73699,-17.10675,-21.94567,-250.8196,33.42699,72.12054,62.06519,68.35619
10.97152,-12.32048,-0.9725152,27.81617,34.45168,-35.90958,61.74804,-30.05754,-71.39736,-270.9165,2.741743,77.09206,34.2276,172.5252
-2.805319,-39.31503,-29.32804,-12.31983,119.343,-50.74451,55.76612,-21.99109,-62.70435,-236.9905,1.99046,79.67753,17.84413,181.5773
23.05728,-41.5618,-38.03872,-25.75757,179.3147,-42.18821,52.17037,-10.6917,-53.26493,-243.4501,-17.9748,71.16183,-5.173022,152.3966
80.70757,-71.31875,-56.61096,8.021029,233.1123,-47.91559,48.86,-46.12407,-63.99599,-228.0859,-21.61089,36.23133,-15.76114,144.491
112.7929,-79.38262,-74.60143,11.57252,238.4135,-41.48941,38.99706,-46.41896,-83.55625,-226.5902,-16.98276,37.62743,-2.420666,132.0387
93.54794,-66.38876,-55.79017,8.482333,216.4249,-29.13759,41.34354,-22.70318,-74.21922,-219.3608,-27.13323,26.43062,-10.50919,119.0127
53.49203,-50.27778,-48.07561,22.69537,169.32,-28.35462,35.26551,-12.40306,-44.70413,-173.2988,-14.83272,21.32079,-14.22285,84.07594
45.86489,-42.94269,-46.55011,19.26099,135.5429,-12.67168,34.14677,-14.74804,-42.89186,-163.5777,-7.637489,10.84059,-3.827451,89.1908
42.20094,-48.64809,-43.50541,13.67115,113.5588,-10.33377,31.54879,-31.84331,-34.92467,-142.2174,-14.59144,7.97352,10.1783,106.9326
-1.383772,-35.38425,-62.18517,23.23256,137.4729,-4.504223,16.4627,-56.6301,-18.6939,-97.44182,-0.3121811,-9.74227,32.5361,76.5734
-16.22591,-19.61902,-124.4627,86.31666,235.5473,-3.788534,-38.02916,-228.96,32.20156,-11.93401,41.34825,-55.83104,102.3262,1.110465
-15.64074,24.42543,-103.6991,154.7298,304.6995,-3.129255,-95.55766,-356.1762,44.10107,37.04168,38.85506,-89.52605,155.2562,-95.37968
49.26516,24.69109,-16.26716,95.31789,316.5218,1.090901,-80.92947,-297.2669,-1.169481,12.3303,-2.92649,-107.4742,78.6996,-71.88305
76.54853,4.163265,19.26689,22.86738,343.5735,8.106367,-73.09732,-200.5719,-45.54529,-15.0202,-25.44633,-100.1759,21.54033,-36.20934
48.29538,-0.4549302,38.88838,8.75118,326.9651,4.620537,-82.75375,-120.3484,-50.95513,-14.26068,-36.37888,-69.59427,-6.632361,-46.14216
33.66302,7.584918,50.15294,-10.68509,222.7812,-5.181831,-60.69452,-47.21165,-36.57199,8.8332,-27.42553,-40.84808,-32.90851,-61.48805
-0.4218207,27.47928,56.84151,-9.489049,113.0173,-15.15749,-26.91823,28.66398,-26.89976,26.38061,-42.60405,-9.060612,-33.30835,-88.52335
