Time(ms),ID,Gaze_X,Gaze_Y,Gaze_Z,TrackingObject,FixationDuration,PreviousAOI,CurrentAOI,PupilLeft,PupilRight,PupilCombined,SaccadeSpeed,HeadYaw,HeadPitch,Blink,LookAheadCarID,LookAheadCarType,LookAheadCarSpeed,Distance,LookAheadCar_PosX,LookAheadCar_PosY,LookAheadCar_PosZ
15,032_04Jul2026_1554,-2.097568,1.571038,-1.117524,Plane,14.2007,None,Plane,4.518151,4.123605,4.320878,177.8463,180,0,FALSE,,,0,3.93,0,0,0
15.1,032_04Jul2026_1554,-2.09588,1.618195,-1.119316,Plane,14.29735,None,Plane,4.518151,4.123605,4.320878,22.12741,180,0,FALSE,,,0,4.82,0,0,0
15.2,032_04Jul2026_1554,-2.085099,1.674689,-1.119982,Plane,14.39751,None,Plane,4.518151,4.123605,4.320878,38.08713,180,0,FALSE,,,0,6.63,0,0,0
15.3,032_04Jul2026_1554,-2.073369,1.726183,-1.119418,Plane,14.49748,None,Plane,4.518151,4.123605,4.320878,60.64642,180,0,FALSE,,,0,13.07,0,0,0
15.4,032_04Jul2026_1554,-2.063158,1.758179,-1.115476,Plane,14.59741,None,Plane,4.518151,4.123605,4.320878,55.58239,180,0,FALSE,,,0,20.08,0,0,0
15.5,032_04Jul2026_1554,-2.051438,1.772408,-1.111647,Plane,14.69739,None,Plane,4.518151,3.147588,3.83287,49.95535,180,0,FALSE,,,0,17.04,0,0,0
15.6,032_04Jul2026_1554,-2.042094,1.778,-1.109621,Plane,14.79753,None,Plane,4.518151,3.147588,3.83287,27.23035,180,0,FALSE,,,0,13.16,0,0,0
15.7,032_04Jul2026_1554,-2.0365,1.781119,-1.10832,Plane,14.89697,None,Plane,4.518151,3.147588,3.83287,100.8226,180,0,FALSE,,,0,18.27,0,0,0
15.8,032_04Jul2026_1554,-2.034299,1.78237,-1.107522,Plane,14.99728,None,Plane,4.518151,3.147588,3.83287,30.6529,180,0,FALSE,,,0,14.96,0,0,0
15.9,032_04Jul2026_1554,-2.035284,1.78163,-1.106878,Plane,15.09738,None,Plane,4.518151,3.147588,3.83287,8.715928,180,0,FALSE,,,0,13.23,0,0,0
16,032_04Jul2026_1554,-2.037774,1.779481,-1.104146,Plane,15.20175,None,Plane,3.603431,3.147588,3.375509,12.09077,180,0,FALSE,,,0,12.2,0,0,0
16.1,032_04Jul2026_1554,-2.039834,1.778363,-1.101961,Plane,15.30215,None,Plane,3.603431,3.147588,3.375509,46.5754,180,0,FALSE,,,0,11.14,0,0,0
16.2,032_04Jul2026_1554,-2.042543,1.777789,-1.102153,Plane,15.40193,None,Plane,3.603431,3.147588,3.375509,10.9764,180,0,FALSE,,,0,11.4,0,0,0
16.3,032_04Jul2026_1554,-2.045744,1.777579,-1.104272,Plane,15.50182,None,Plane,3.603431,3.147588,3.375509,2.343174,180,0,FALSE,,,0,11.75,0,0,0
16.4,032_04Jul2026_1554,-2.047626,1.777093,-1.105242,Plane,15.60227,None,Plane,3.603431,3.147588,3.375509,0.880692,180,0,FALSE,,,0,11.62,0,0,0
16.5,032_04Jul2026_1554,-2.048387,1.779708,-1.104499,Plane,15.70184,None,Plane,3.603431,3.150322,3.376876,10.31121,180,0,FALSE,,,0,12.65,0,0,0
16.6,032_04Jul2026_1554,-2.048641,1.779854,-1.104137,Plane,15.80205,None,Plane,3.603431,3.150322,3.376876,7.388475,180,0,FALSE,,,0,12.74,0,0,0
16.7,032_04Jul2026_1554,-2.049154,1.778815,-1.104294,Plane,15.90163,None,Plane,3.603431,3.150322,3.376876,2.016219,180,0,FALSE,,,0,13.28,0,0,0
16.8,032_04Jul2026_1554,-2.047895,1.778899,-1.102613,Plane,16.00175,None,Plane,3.603431,3.150322,3.376876,3.669849,180,0,FALSE,,,0,13.27,0,0,0
16.9,032_04Jul2026_1554,-2.046788,1.779471,-1.101084,Plane,16.10334,None,Plane,3.603431,3.150322,3.376876,2.478541,180,0,FALSE,,,0,13.47,0,0,0
17,032_04Jul2026_1554,-2.047379,1.779619,-1.100247,Plane,16.20205,None,Plane,3.479119,3.150322,3.314721,1.202533,180,0,FALSE,,,0,13.37,0,0,0
17.1,032_04Jul2026_1554,-2.049139,1.778406,-1.100156,Plane,16.30338,None,Plane,3.479119,3.150322,3.314721,6.646123,180,0,FALSE,,,0,12.48,0,0,0
17.2,032_04Jul2026_1554,-2.051047,1.776386,-1.100778,Plane,16.40205,None,Plane,3.479119,3.150322,3.314721,8.473244,180,0,FALSE,,,0,11.68,0,0,0
17.3,032_04Jul2026_1554,-2.05014,1.777544,-1.099855,Plane,16.5063,None,Plane,3.479119,3.150322,3.314721,47.56273,180,0,FALSE,,,0,8.89,0,0,0
17.4,032_04Jul2026_1554,-2.043958,1.777944,-1.093003,Plane,16.60598,None,Plane,3.479119,3.150322,3.314721,200.0919,180,0,FALSE,,,0,5.43,0,0,0
17.5,032_04Jul2026_1554,-2.034044,1.775798,-1.082349,Plane,16.70598,None,Plane,3.479119,3.220407,3.349763,34.8845,180,0,FALSE,,,0,4.62,0,0,0
17.6,032_04Jul2026_1554,-2.02202,1.77407,-1.070321,Plane,16.80513,None,Plane,3.479119,3.220407,3.349763,33.06524,180,0,FALSE,,,0,4.39,0,0,0
17.7,032_04Jul2026_1554,-2.010571,1.773309,-1.060589,Plane,16.9071,None,Plane,3.479119,3.220407,3.349763,19.40293,180,0,FALSE,,,0,4.26,0,0,0
17.8,032_04Jul2026_1554,-2.005088,1.772737,-1.056397,Plane,17.00567,None,Plane,3.770176,3.220407,3.495291,6.014606,180,0,FALSE,,,0,4.28,0,0,0
17.9,032_04Jul2026_1554,-2.0048,1.771497,-1.056082,Plane,17.10608,None,Plane,3.770176,3.220407,3.495291,13.43246,180,0,FALSE,,,0,4.26,0,0,0
18,032_04Jul2026_1554,-2.00706,1.769871,-1.057592,Plane,17.20523,None,Plane,3.770176,3.220407,3.495291,11.68429,180,0,FALSE,,,0,4.26,0,0,0
18.1,032_04Jul2026_1554,-2.009792,1.768527,-1.060391,Plane,17.30521,None,Plane,3.770176,3.220407,3.495291,5.546963,180,0,FALSE,,,0,4.27,0,0,0
18.2,032_04Jul2026_1554,-2.012154,1.768398,-1.063055,Plane,17.40518,None,Plane,3.770176,3.220407,3.495291,7.530161,180,0,FALSE,,,0,4.3,0,0,0
18.3,032_04Jul2026_1554,-2.012573,1.768464,-1.065663,Plane,17.50518,None,Plane,3.770176,3.223029,3.496603,28.38117,180,0,FALSE,,,0,4.59,0,0,0
18.4,032_04Jul2026_1554,-2.012058,1.769448,-1.06778,Plane,17.60547,None,Plane,3.770176,3.223029,3.496603,70.80913,180,0,FALSE,,,0,7.2,0,0,0
18.5,032_04Jul2026_1554,-2.011537,1.77098,-1.070068,Plane,17.70504,None,Plane,3.770176,3.223029,3.496603,19.01114,180,0,FALSE,,,0,8.14,0,0,0
18.6,032_04Jul2026_1554,-2.011698,1.772231,-1.072311,Plane,17.80485,None,Plane,3.770176,3.223029,3.496603,11.10981,180,0,FALSE,,,0,8.67,0,0,0
18.7,032_04Jul2026_1554,-2.01263,1.773062,-1.074343,Plane,17.90541,None,Plane,3.770176,3.223029,3.496603,10.74178,180,0,FALSE,,,0,9.55,0,0,0
18.8,032_04Jul2026_1554,-2.013792,1.773534,-1.075357,Plane,18.00528,None,Plane,3.608387,3.223029,3.415708,24.36837,180,0,FALSE,,,0,13.41,0,0,0
18.9,032_04Jul2026_1554,-2.01462,1.772975,-1.07527,Plane,18.10502,None,Plane,3.608387,3.223029,3.415708,10.76673,180,0,FALSE,,,0,16.18,0,0,0
19,032_04Jul2026_1554,-2.014745,1.772032,-1.073351,Plane,18.20522,None,Plane,3.608387,3.223029,3.415708,8.256844,180,0,FALSE,,,0,17.04,0,0,0
19.1,032_04Jul2026_1554,-2.015976,1.772645,-1.071593,Plane,18.30533,None,Plane,3.608387,3.223029,3.415708,56.63119,180,0,FALSE,,,0,10.58,0,0,0
19.2,032_04Jul2026_1554,-2.019324,1.773042,-1.071204,Plane,18.40517,None,Plane,3.608387,3.223029,3.415708,26.14399,180,0,FALSE,,,0,10.04,0,0,0
19.3,032_04Jul2026_1554,-2.023314,1.773421,-1.071829,Plane,18.49793,None,Plane,3.608387,2.985636,3.297012,110.3748,180,0,FALSE,,,0,11.09,0,0,0
19.4,032_04Jul2026_1554,-2.029735,1.773602,-1.073617,Plane,18.59721,None,Plane,3.608387,2.985636,3.297012,84.02798,180,0,FALSE,,,0,9.9,0,0,0
19.5,032_04Jul2026_1554,-2.038209,1.77165,-1.079119,Plane,18.6977,None,Plane,3.608387,2.985636,3.297012,39.77983,180,0,FALSE,,,0,8.67,0,0,0
19.6,032_04Jul2026_1554,-2.047722,1.770256,-1.085609,Plane,18.79739,None,Plane,3.608387,2.985636,3.297012,31.78043,180,0,FALSE,,,0,8.26,0,0,0
19.7,032_04Jul2026_1554,-2.05499,1.769587,-1.092294,Plane,18.89755,None,Plane,3.608387,2.985636,3.297012,22.50545,180,0,FALSE,,,0,7.86,0,0,0
19.8,032_04Jul2026_1554,-2.059129,1.771676,-1.094919,Plane,18.99718,None,Plane,3.665028,2.985636,3.325332,13.35245,180,0,FALSE,,,0,7.9,0,0,0
19.9,032_04Jul2026_1554,-2.060635,1.772956,-1.09741,Plane,19.09748,None,Plane,3.665028,2.985636,3.325332,11.8625,180,0,FALSE,,,0,8.76,0,0,0
20,032_04Jul2026_1554,-2.060606,1.770719,-1.101795,Plane,19.19735,None,Plane,3.665028,2.985636,3.325332,20.73445,180,0,FALSE,,,0,9.32,0,0,0
20.1,032_04Jul2026_1554,-2.060213,1.772757,-1.103393,Plane,19.29822,None,Plane,3.665028,2.985636,3.325332,8.845277,180,0,FALSE,,,0,10.25,0,0,0
20.2,032_04Jul2026_1554,-2.060204,1.773828,-1.1068,Plane,19.39839,None,Plane,-1,-1,-1,1328.089,180,0,TRUE,,,0,19.24,0,0,0
20.3,032_04Jul2026_1554,-2.061006,1.773551,-1.111339,Plane,19.49851,None,Plane,-1,-1,-1,1352.037,180,0,TRUE,,,0,21.26,0,0,0
20.4,032_04Jul2026_1554,-2.061021,1.772783,-1.113096,Plane,19.59834,None,Plane,3.665028,2.985636,3.325332,912.487,180,0,FALSE,,,0,16.94,0,0,0
20.5,032_04Jul2026_1554,-2.060724,1.774139,-1.116645,Plane,19.69837,None,Plane,3.665028,2.985636,3.325332,10.62363,180,0,FALSE,,,0,13.08,0,0,0
20.6,032_04Jul2026_1554,-2.060368,1.774966,-1.122568,Plane,19.79851,None,Plane,3.665028,2.985636,3.325332,15.4616,180,0,FALSE,,,0,11.98,0,0,0
20.7,032_04Jul2026_1554,-2.060702,1.775725,-1.128846,Plane,19.9016,None,Plane,3.665028,2.985636,3.325332,36.19887,180,0,FALSE,,,0,11.44,0,0,0
20.8,032_04Jul2026_1554,-2.060218,1.775257,-1.135032,Plane,20.00146,None,Plane,3.665028,3.180753,3.422891,38.20391,180,0,FALSE,,,0,12.6,0,0,0
20.9,032_04Jul2026_1554,-2.058973,1.774817,-1.142986,Plane,20.14085,None,Plane,3.665028,3.180753,3.422891,19.7594,180,0,FALSE,,,0,12.22,0,0,0
21,032_04Jul2026_1554,-2.057102,1.774735,-1.147455,Plane,20.20189,None,Plane,3.665028,3.180753,3.422891,28.29956,180,0,FALSE,,,0,12.17,0,0,0
21.1,032_04Jul2026_1554,-2.055224,1.773672,-1.151196,Plane,20.30165,None,Plane,3.665028,3.180753,3.422891,39.27065,180,0,FALSE,,,0,12.97,0,0,0
21.2,032_04Jul2026_1554,-2.052989,1.771727,-1.159694,Plane,20.40162,None,Plane,3.665028,3.180753,3.422891,35.11387,180,0,FALSE,,,0,14.08,0,0,0
21.3,032_04Jul2026_1554,-2.051316,1.772113,-1.168165,Plane,20.50164,None,Plane,3.692357,3.180753,3.436555,24.75082,180,0,FALSE,,,0,15.57,0,0,0
21.4,032_04Jul2026_1554,-2.048972,1.772578,-1.172045,Plane,20.60141,None,Plane,3.692357,3.180753,3.436555,9.568876,180,0,FALSE,,,0,15.25,0,0,0
21.5,032_04Jul2026_1554,-2.047376,1.77239,-1.171605,Plane,20.70129,None,Plane,3.692357,3.180753,3.436555,6.1813,180,0,FALSE,,,0,14.48,0,0,0
21.6,032_04Jul2026_1554,-2.046762,1.771898,-1.170885,Plane,20.80166,None,Plane,3.692357,3.180753,3.436555,41.36062,180,0,FALSE,,,0,10.14,0,0,0
21.7,032_04Jul2026_1554,-2.046931,1.77256,-1.17004,Plane,20.90156,None,Plane,3.692357,3.180753,3.436555,15.98128,180,0,FALSE,,,0,8.46,0,0,0
21.8,032_04Jul2026_1554,-2.04747,1.772948,-1.168183,Plane,21.00156,None,Plane,3.692357,3.347642,3.52,7.952436,180,0,FALSE,,,0,7.8,0,0,0
21.9,032_04Jul2026_1554,-2.046772,1.773713,-1.167203,Plane,21.10152,None,Plane,3.692357,3.347642,3.52,5.502684,180,0,FALSE,,,0,7.49,0,0,0
22,032_04Jul2026_1554,-2.045753,1.775517,-1.168859,Plane,21.20254,None,Plane,3.692357,3.347642,3.52,14.75154,180,0,FALSE,,,0,7.63,0,0,0
22.1,032_04Jul2026_1554,-2.044666,1.775902,-1.173349,Plane,21.30296,None,Plane,-1,3.347642,1.173821,715.0225,180,0,TRUE,,,0,13.16,0,0,0
22.2,032_04Jul2026_1554,-2.044413,1.776748,-1.180178,Plane,21.40189,None,Plane,3.574633,3.347642,3.461138,842.3566,180,0,FALSE,,,0,11.81,0,0,0
22.3,032_04Jul2026_1554,-2.044747,1.777704,-1.190818,Plane,21.50209,None,Plane,3.574633,3.347642,3.461138,60.52532,180,0,FALSE,,,0,13.05,0,0,0
22.4,032_04Jul2026_1554,-2.0437,1.775541,-1.203161,Plane,21.60124,None,Plane,3.574633,3.347642,3.461138,38.61204,180,0,FALSE,,,0,11.56,0,0,0
22.5,032_04Jul2026_1554,-2.041566,1.774523,-1.21622,Plane,21.70244,None,Plane,3.574633,3.347642,3.461138,29.31652,180,0,FALSE,,,0,11.17,0,0,0
22.6,032_04Jul2026_1554,-2.038923,1.774923,-1.228719,Plane,21.80153,None,Plane,3.574633,3.163257,3.368945,21.72101,180,0,FALSE,,,0,11.15,0,0,0
22.7,032_04Jul2026_1554,-2.035435,1.77456,-1.240251,Plane,21.90521,None,Plane,3.574633,3.163257,3.368945,27.61833,180,0,FALSE,,,0,9.33,0,0,0
22.8,032_04Jul2026_1554,-2.031841,1.775557,-1.248155,Plane,22.00466,None,Plane,3.574633,3.163257,3.368945,13.14878,180,0,FALSE,,,0,8.5,0,0,0
22.9,032_04Jul2026_1554,-2.026691,1.777595,-1.253984,Plane,22.10492,None,Plane,3.574633,3.163257,3.368945,7.978355,180,0,FALSE,,,0,8.24,0,0,0
23,032_04Jul2026_1554,-2.021563,1.778783,-1.257402,Plane,22.20494,None,Plane,3.574633,3.163257,3.368945,39.20077,180,0,FALSE,,,0,5.94,0,0,0
23.1,032_04Jul2026_1554,-2.017664,1.77866,-1.255962,Plane,22.30486,None,Plane,3.76202,3.163257,3.462639,16.40518,180,0,FALSE,,,0,5.49,0,0,0
23.2,032_04Jul2026_1554,-2.013114,1.778275,-1.249159,Plane,22.40521,None,Plane,3.76202,3.163257,3.462639,11.55491,180,0,FALSE,,,0,5.37,0,0,0
23.3,032_04Jul2026_1554,-2.00696,1.778057,-1.241855,Plane,22.50503,None,Plane,3.76202,3.163257,3.462639,6.720324,180,0,FALSE,,,0,5.42,0,0,0
23.4,032_04Jul2026_1554,-2.001594,1.781779,-1.238869,Plane,22.60496,None,Plane,3.76202,3.163257,3.462639,3.092216,180,0,FALSE,,,0,5.52,0,0,0
23.5,032_04Jul2026_1554,-1.997532,1.783204,-1.237813,Plane,22.70475,None,Plane,3.76202,3.163257,3.462639,20.67979,180,0,FALSE,,,0,5.21,0,0,0
23.6,032_04Jul2026_1554,-1.994169,1.782643,-1.240188,Plane,22.79661,None,Plane,3.76202,3.078866,3.420443,27.54424,180,0,FALSE,,,0,5.21,0,0,0
23.7,032_04Jul2026_1554,-1.985418,1.780746,-1.249133,Plane,22.89717,None,Plane,3.76202,3.078866,3.420443,68.75864,180,0,FALSE,,,0,9.18,0,0,0
23.8,032_04Jul2026_1554,-1.975388,1.779833,-1.258597,Plane,22.99685,None,Plane,3.76202,3.078866,3.420443,210.9698,180,0,FALSE,,,0,28.34,0,0,0
23.9,032_04Jul2026_1554,-1.961274,1.780045,-1.271182,Plane,23.09685,None,Plane,3.76202,3.078866,3.420443,93.86214,180,0,FALSE,,,0,10.66,0,0,0
24,032_04Jul2026_1554,-1.945786,1.780974,-1.283395,Plane,23.19728,None,Plane,3.76202,3.078866,3.420443,45.2691,180,0,FALSE,,,0,8.9,0,0,0
24.1,032_04Jul2026_1554,-1.930891,1.781869,-1.293915,Plane,23.2968,None,Plane,3.717394,3.078866,3.39813,18.25881,180,0,FALSE,,,0,7.76,0,0,0
24.2,032_04Jul2026_1554,-1.91594,1.783434,-1.302242,Plane,23.39694,None,Plane,3.717394,3.078866,3.39813,26.43933,180,0,FALSE,,,0,7.39,0,0,0
24.3,032_04Jul2026_1554,-1.898606,1.786427,-1.310537,Plane,23.49898,None,Plane,3.717394,3.078866,3.39813,136.6905,180,0,FALSE,,,0,9.48,0,0,0
24.4,032_04Jul2026_1554,-1.879457,1.788457,-1.315914,Plane,23.59671,None,Plane,3.717394,3.078866,3.39813,74.22634,180,0,FALSE,,,0,10.19,0,0,0
24.5,032_04Jul2026_1554,-1.863663,1.78962,-1.318497,Plane,23.6967,None,Plane,3.717394,3.078866,3.39813,8.763537,180,0,FALSE,,,0,10.72,0,0,0
24.6,032_04Jul2026_1554,-1.847701,1.789547,-1.319664,Plane,23.79701,None,Plane,3.717394,2.976624,3.347009,1.449216,180,0,FALSE,,,0,12.09,0,0,0
24.7,032_04Jul2026_1554,-1.833674,1.786414,-1.318921,Plane,23.89728,None,Plane,3.717394,2.976624,3.347009,80.12988,180,0,FALSE,,,0,12.58,0,0,0
24.8,032_04Jul2026_1554,-1.824278,1.784034,-1.318527,Plane,23.99724,None,Plane,3.717394,2.976624,3.347009,14.34792,180,0,FALSE,,,0,12.56,0,0,0
24.9,032_04Jul2026_1554,-1.821696,1.783896,-1.319235,Plane,24.10048,None,Plane,3.717394,2.976624,3.347009,11.51838,180,0,FALSE,,,0,12.67,0,0,0
25,032_04Jul2026_1554,-1.821991,1.784854,-1.322151,Plane,24.20039,None,Plane,3.717394,2.976624,3.347009,16.33282,180,0,FALSE,,,0,13.53,0,0,0
25.1,032_04Jul2026_1554,-1.821368,1.784455,-1.324072,Plane,24.30066,None,Plane,3.46435,2.976624,3.220487,9.272653,180,0,FALSE,,,0,13.81,0,0,0
25.2,032_04Jul2026_1554,-1.821688,1.783911,-1.32727,Plane,24.40071,None,Plane,3.46435,2.976624,3.220487,10.51016,180,0,FALSE,,,0,13.25,0,0,0
25.3,032_04Jul2026_1554,-1.825765,1.784123,-1.331501,Plane,24.5004,None,Plane,3.46435,2.976624,3.220487,19.63846,180,0,FALSE,,,0,13.18,0,0,0
25.4,032_04Jul2026_1554,-1.83374,1.783133,-1.335669,Plane,24.60062,None,Plane,3.46435,2.976624,3.220487,46.50008,180,0,FALSE,,,0,12.8,0,0,0
25.5,032_04Jul2026_1554,-1.845553,1.782257,-1.33896,Plane,24.7004,None,Plane,3.46435,2.976624,3.220487,118.5345,180,0,FALSE,,,0,10.76,0,0,0
25.6,032_04Jul2026_1554,-1.86202,1.782034,-1.340641,Plane,24.80019,None,Plane,3.46435,3.204112,3.33423,37.25815,180,0,FALSE,,,0,10.27,0,0,0
25.7,032_04Jul2026_1554,-1.879555,1.781975,-1.339972,Plane,24.90046,None,Plane,3.46435,3.204112,3.33423,13.01433,180,0,FALSE,,,0,11.22,0,0,0
25.8,032_04Jul2026_1554,-1.898227,1.782641,-1.336364,Plane,25.00043,None,Plane,3.46435,3.204112,3.33423,56.39625,180,0,FALSE,,,0,12.26,0,0,0
25.9,032_04Jul2026_1554,-1.91874,1.782218,-1.330371,Plane,25.10055,None,Plane,3.46435,3.204112,3.33423,166.2999,180,0,FALSE,,,0,12.86,0,0,0
26,032_04Jul2026_1554,-1.940272,1.78189,-1.32233,Plane,25.2004,None,Plane,3.46435,3.204112,3.33423,55.48352,180,0,FALSE,,,0,10.66,0,0,0
26.1,032_04Jul2026_1554,-1.962496,1.781493,-1.311192,Plane,25.30047,None,Plane,3.907274,3.204112,3.555693,17.87582,180,0,FALSE,,,0,11.04,0,0,0
26.2,032_04Jul2026_1554,-1.983205,1.78095,-1.297546,Plane,25.40025,None,Plane,3.907274,3.204112,3.555693,92.6524,180,0,FALSE,,,0,10.98,0,0,0
26.3,032_04Jul2026_1554,-2.001922,1.781319,-1.281808,Plane,25.5007,None,Plane,3.907274,3.204112,3.555693,114.2434,180,0,FALSE,,,0,11.31,0,0,0
26.4,032_04Jul2026_1554,-2.020547,1.782128,-1.263031,Plane,25.6038,None,Plane,3.907274,3.179661,3.543468,20.79357,180,0,FALSE,,,0,11.73,0,0,0
26.5,032_04Jul2026_1554,-2.035869,1.781723,-1.24253,Plane,25.7043,None,Plane,3.907274,3.179661,3.543468,18.1292,180,0,FALSE,,,0,11.47,0,0,0
26.6,032_04Jul2026_1554,-2.047902,1.781161,-1.220889,Plane,25.80361,None,Plane,3.907274,3.179661,3.543468,157.019,180,0,FALSE,,,0,10.65,0,0,0
26.7,032_04Jul2026_1554,-2.056621,1.779708,-1.199583,Plane,25.90354,None,Plane,3.907274,3.179661,3.543468,94.14434,180,0,FALSE,,,0,9.6,0,0,0
26.8,032_04Jul2026_1554,-2.062371,1.775845,-1.177781,Plane,26.00381,None,Plane,3.907274,3.179661,3.543468,12.05028,180,0,FALSE,,,0,9.64,0,0,0
26.9,032_04Jul2026_1554,-2.066297,1.774997,-1.155193,Plane,26.10382,None,Plane,3.951089,3.179661,3.565375,16.22138,180,0,FALSE,,,0,10.04,0,0,0
27,032_04Jul2026_1554,-2.066642,1.774494,-1.133105,Plane,26.20355,None,Plane,3.951089,3.179661,3.565375,138.472,180,0,FALSE,,,0,10.71,0,0,0
27.1,032_04Jul2026_1554,-2.064866,1.774953,-1.113501,Plane,26.30344,None,Plane,3.951089,3.179661,3.565375,100.6263,180,0,FALSE,,,0,9.07,0,0,0
27.2,032_04Jul2026_1554,-2.060941,1.775373,-1.096367,Plane,26.40361,None,Plane,3.951089,3.179661,3.565375,32.84626,180,0,FALSE,,,0,8.49,0,0,0
27.3,032_04Jul2026_1554,-2.053002,1.775127,-1.077846,Plane,26.50369,None,Plane,3.951089,3.179661,3.565375,14.04174,180,0,FALSE,,,0,8.7,0,0,0
27.4,032_04Jul2026_1554,-2.041135,1.775315,-1.057352,Plane,26.60345,None,Plane,3.951089,3.217172,3.584131,12.67411,180,0,FALSE,,,0,9.15,0,0,0
27.5,032_04Jul2026_1554,-2.02283,1.773769,-1.032062,Plane,26.70368,None,Plane,3.951089,3.217172,3.584131,35.49052,180,0,FALSE,,,0,8.38,0,0,0
27.6,032_04Jul2026_1554,-2.000106,1.773728,-1.009359,Plane,26.80577,None,Plane,3.951089,3.217172,3.584131,207.5883,180,0,FALSE,,,0,8.63,0,0,0
27.7,032_04Jul2026_1554,-1.973405,1.774126,-0.9903312,Plane,26.90374,None,Plane,3.951089,3.217172,3.584131,87.94725,180,0,FALSE,,,0,9.15,0,0,0
27.8,032_04Jul2026_1554,-1.951623,1.7754,-0.9788632,Plane,27.00523,None,Plane,3.951089,3.217172,3.584131,12.79635,180,0,FALSE,,,0,9.11,0,0,0
27.9,032_04Jul2026_1554,-1.936264,1.777141,-0.9738244,Plane,27.10666,None,Plane,3.553051,3.217172,3.385112,80.64086,180,0,FALSE,,,0,10.35,0,0,0
28,032_04Jul2026_1554,-1.925179,1.778044,-0.9717218,Plane,27.20862,None,Plane,3.553051,3.217172,3.385112,24.25884,180,0,FALSE,,,0,11,0,0,0
28.1,032_04Jul2026_1554,-1.912664,1.778445,-0.968343,Plane,27.30701,None,Plane,3.553051,3.217172,3.385112,28.57624,180,0,FALSE,,,0,11.68,0,0,0
28.2,032_04Jul2026_1554,-1.897876,1.777228,-0.9641593,Plane,27.40871,None,Plane,3.553051,3.217172,3.385112,88.98131,180,0,FALSE,,,0,10.51,0,0,0
28.3,032_04Jul2026_1554,-1.88544,1.776517,-0.9624074,Plane,27.50687,None,Plane,3.553051,3.217172,3.385112,36.82111,180,0,FALSE,,,0,9.73,0,0,0
28.4,032_04Jul2026_1554,-1.878292,1.776641,-0.9622927,Plane,27.60677,None,Plane,3.553051,3.034115,3.293583,8.116434,180,0,FALSE,,,0,9.81,0,0,0
28.5,032_04Jul2026_1554,-1.874725,1.776816,-0.9643165,Plane,27.70692,None,Plane,3.553051,3.034115,3.293583,3.763364,180,0,FALSE,,,0,10.02,0,0,0
28.6,032_04Jul2026_1554,-1.870176,1.778414,-0.9665258,Plane,27.8068,None,Plane,3.553051,3.034115,3.293583,6.820792,180,0,FALSE,,,0,10.71,0,0,0
28.7,032_04Jul2026_1554,-1.861562,1.779729,-0.9683019,Plane,27.90742,None,Plane,3.553051,3.034115,3.293583,17.11181,180,0,FALSE,,,0,11.26,0,0,0
28.8,032_04Jul2026_1554,-1.850317,1.7793,-0.9692973,Plane,28.00664,None,Plane,3.553051,3.034115,3.293583,43.0505,180,0,FALSE,,,0,11.48,0,0,0
28.9,032_04Jul2026_1554,-1.83804,1.779087,-0.9701885,Plane,28.10673,None,Plane,3.994082,3.034115,3.514098,145.2449,180,0,FALSE,,,0,11.31,0,0,0
29,032_04Jul2026_1554,-1.830174,1.778894,-0.9702817,Plane,28.19911,None,Plane,3.994082,3.034115,3.514098,13.2919,180,0,FALSE,,,0,11.18,0,0,0
29.1,032_04Jul2026_1554,-1.824385,1.77844,-0.9701094,Plane,28.29888,None,Plane,3.994082,3.034115,3.514098,4.298542,180,0,FALSE,,,0,10.77,0,0,0
29.2,032_04Jul2026_1554,-1.819067,1.780986,-0.9692657,Plane,28.39885,None,Plane,3.994082,3.034115,3.514098,9.735233,180,0,FALSE,,,0,10.92,0,0,0
29.3,032_04Jul2026_1554,-1.81677,1.781515,-0.9676634,Plane,28.49882,None,Plane,3.994082,3.034115,3.514098,4.481878,180,0,FALSE,,,0,10.89,0,0,0
29.4,032_04Jul2026_1554,-1.816792,1.779876,-0.9657295,Plane,28.599,None,Plane,3.994082,3.393027,3.693554,7.206976,180,0,FALSE,,,0,10.11,0,0,0
29.5,032_04Jul2026_1554,-1.818007,1.779204,-0.9631047,Plane,28.69901,None,Plane,3.994082,3.393027,3.693554,12.19391,180,0,FALSE,,,0,9.29,0,0,0
29.6,032_04Jul2026_1554,-1.818749,1.778089,-0.9605573,Plane,28.79884,None,Plane,3.994082,3.393027,3.693554,6.139762,180,0,FALSE,,,0,8.73,0,0,0
29.7,032_04Jul2026_1554,-1.818374,1.777171,-0.9590364,Plane,28.89896,None,Plane,3.994082,3.393027,3.693554,5.858019,180,0,FALSE,,,0,8.47,0,0,0
29.8,032_04Jul2026_1554,-1.815812,1.776679,-0.9588934,Plane,28.99894,None,Plane,3.994082,3.393027,3.693554,20.46545,180,0,FALSE,,,0,7.92,0,0,0
29.9,032_04Jul2026_1554,-1.814377,1.775308,-0.9593693,Plane,29.0991,None,Plane,4.321922,3.393027,3.857475,13.61484,180,0,FALSE,,,0,7.53,0,0,0
30,032_04Jul2026_1554,-1.812883,1.775598,-0.9603025,Plane,29.19898,None,Plane,4.321922,3.393027,3.857475,5.713184,180,0,FALSE,,,0,7.57,0,0,0
30.1,032_04Jul2026_1554,-1.812468,1.776466,-0.9609539,Plane,29.29916,None,Plane,4.321922,3.393027,3.857475,5.874621,180,0,FALSE,,,0,7.75,0,0,0
30.2,032_04Jul2026_1554,-1.812689,1.776717,-0.9617062,Plane,29.39899,None,Plane,4.321922,3.393027,3.857475,8.077925,180,0,FALSE,,,0,7.83,0,0,0
30.3,032_04Jul2026_1554,-1.813556,1.77699,-0.9620107,Plane,29.49913,None,Plane,4.321922,3.393027,3.857475,7.3204,180,0,FALSE,,,0,7.85,0,0,0
30.4,032_04Jul2026_1554,-1.814791,1.776565,-0.9620987,Plane,29.59903,None,Plane,4.321922,3.217348,3.769635,11.20183,180,0,FALSE,,,0,7.89,0,0,0
30.5,032_04Jul2026_1554,-1.815464,1.775786,-0.9619429,Plane,29.69906,None,Plane,4.321922,3.217348,3.769635,109.8706,180,0,FALSE,,,0,8.37,0,0,0
30.6,032_04Jul2026_1554,-1.81624,1.775308,-0.9616652,Plane,29.79856,None,Plane,4.321922,3.217348,3.769635,25.57755,180,0,FALSE,,,0,8.76,0,0,0
30.7,032_04Jul2026_1554,-1.816352,1.774867,-0.9612749,Plane,29.90313,None,Plane,3.809536,3.217348,3.513442,7.440491,180,0,FALSE,,,0,8.89,0,0,0
30.8,032_04Jul2026_1554,-1.814524,1.774329,-0.9611727,Plane,30.00338,None,Plane,3.809536,3.217348,3.513442,2.241363,180,0,FALSE,,,0,8.6,0,0,0
30.9,032_04Jul2026_1554,-1.812244,1.773912,-0.9612501,Plane,30.10273,None,Plane,3.809536,3.217348,3.513442,2.744598,180,0,FALSE,,,0,8.55,0,0,0
31,032_04Jul2026_1554,-1.811108,1.773526,-0.9612919,Plane,30.20371,None,Plane,3.809536,3.217348,3.513442,1.439526,180,0,FALSE,,,0,8.41,0,0,0
31.1,032_04Jul2026_1554,-1.811615,1.772978,-0.960943,Plane,30.3038,None,Plane,3.809536,3.217348,3.513442,22.55687,180,0,FALSE,,,0,7.41,0,0,0
31.2,032_04Jul2026_1554,-1.812663,1.771958,-0.9605374,Plane,30.40306,None,Plane,3.809536,3.197321,3.503428,7.798023,180,0,FALSE,,,0,7.08,0,0,0
31.3,032_04Jul2026_1554,-1.815989,1.771268,-0.9596062,Plane,30.503,None,Plane,3.809536,3.197321,3.503428,6.20963,180,0,FALSE,,,0,7.06,0,0,0
31.4,032_04Jul2026_1554,-1.822573,1.770116,-0.9586533,Plane,30.60333,None,Plane,3.809536,3.197321,3.503428,16.33342,180,0,FALSE,,,0,7.05,0,0,0
31.5,032_04Jul2026_1554,-1.830019,1.769656,-0.9577392,Plane,30.70286,None,Plane,3.809536,3.197321,3.503428,46.39749,180,0,FALSE,,,0,7.19,0,0,0
31.6,032_04Jul2026_1554,-1.839012,1.768771,-0.9576558,Plane,30.80328,None,Plane,3.809536,3.197321,3.503428,20.98183,180,0,FALSE,,,0,7.39,0,0,0
31.7,032_04Jul2026_1554,-1.851339,1.768289,-0.9583396,Plane,30.90294,None,Plane,3.754126,3.197321,3.475723,24.54249,180,0,FALSE,,,0,7.28,0,0,0
31.8,032_04Jul2026_1554,-1.867471,1.768025,-0.9603144,Plane,31.00309,None,Plane,3.754126,3.197321,3.475723,62.89155,180,0,FALSE,,,0,8.7,0,0,0
31.9,032_04Jul2026_1554,-1.887551,1.769433,-0.9643465,Plane,31.10303,None,Plane,3.754126,3.197321,3.475723,107.0575,180,0,FALSE,,,0,10.82,0,0,0
32,032_04Jul2026_1554,-1.912524,1.771061,-0.9713717,Plane,31.20301,None,Plane,3.754126,3.197321,3.475723,57.8821,180,0,FALSE,,,0,12.28,0,0,0
32.1,032_04Jul2026_1554,-1.940767,1.771602,-0.9831566,Plane,31.3029,None,Plane,3.754126,3.197321,3.475723,23.98489,180,0,FALSE,,,0,13.03,0,0,0
32.2,032_04Jul2026_1554,-1.967328,1.773688,-0.9985408,Plane,31.40309,None,Plane,3.754126,3.188546,3.471336,214.0758,180,0,FALSE,,,0,8.02,0,0,0
32.3,032_04Jul2026_1554,-1.99075,1.773397,-1.016528,Plane,31.50302,None,Plane,3.754126,3.188546,3.471336,146.0004,180,0,FALSE,,,0,7.7,0,0,0
32.4,032_04Jul2026_1554,-2.013834,1.771088,-1.041549,Plane,31.60772,None,Plane,3.754126,3.188546,3.471336,65.34632,180,0,FALSE,,,0,6.74,0,0,0
32.5,032_04Jul2026_1554,-2.028447,1.7687,-1.065353,Plane,31.69655,None,Plane,3.754126,3.188546,3.471336,18.63717,180,0,FALSE,,,0,6.45,0,0,0
32.6,032_04Jul2026_1554,-2.038001,1.767442,-1.091959,Plane,31.79656,None,Plane,3.754126,3.188546,3.471336,28.64426,180,0,FALSE,,,0,6.82,0,0,0
32.7,032_04Jul2026_1554,-2.042628,1.768664,-1.120049,Plane,31.9076,None,Plane,3.575936,3.188546,3.382241,143.2415,180,0,FALSE,,,0,8.09,0,0,0
32.8,032_04Jul2026_1554,-2.042872,1.769734,-1.141278,Plane,31.99657,None,Plane,3.575936,3.188546,3.382241,97.99391,180,0,FALSE,,,0,9.62,0,0,0
32.9,032_04Jul2026_1554,-2.040289,1.77113,-1.164138,Plane,32.09637,None,Plane,3.575936,3.188546,3.382241,13.22667,180,0,FALSE,,,0,11.33,0,0,0
33,032_04Jul2026_1554,-2.035112,1.772321,-1.185397,Plane,32.1966,None,Plane,3.575936,3.188546,3.382241,62.22549,180,0,FALSE,,,0,12.36,0,0,0
33.1,032_04Jul2026_1554,-2.028869,1.774043,-1.204007,Plane,32.29826,None,Plane,3.575936,3.188546,3.382241,54.3797,180,0,FALSE,,,0,11.76,0,0,0
33.2,032_04Jul2026_1554,-2.022584,1.776383,-1.221148,Plane,32.40775,None,Plane,3.575936,3.214163,3.39505,21.40094,180,0,FALSE,,,0,12.23,0,0,0
33.3,032_04Jul2026_1554,-2.018678,1.775599,-1.232575,Plane,32.49657,None,Plane,3.575936,3.214163,3.39505,10.80745,180,0,FALSE,,,0,12.08,0,0,0
33.4,032_04Jul2026_1554,-2.015569,1.77337,-1.242941,Plane,32.6076,None,Plane,3.575936,3.214163,3.39505,14.70251,180,0,FALSE,,,0,12.14,0,0,0
33.5,032_04Jul2026_1554,-2.014449,1.77111,-1.248883,Plane,32.69666,None,Plane,3.575936,3.214163,3.39505,42.19223,180,0,FALSE,,,0,9.53,0,0,0
33.6,032_04Jul2026_1554,-2.014924,1.769201,-1.251786,Plane,32.80129,None,Plane,3.575936,3.214163,3.39505,18.28504,180,0,FALSE,,,0,8.55,0,0,0
33.7,032_04Jul2026_1554,-2.018352,1.768059,-1.248855,Plane,32.89646,None,Plane,3.866819,3.214163,3.540491,8.254366,180,0,FALSE,,,0,8.28,0,0,0
33.8,032_04Jul2026_1554,-2.023736,1.768269,-1.241148,Plane,32.99637,None,Plane,3.866819,3.214163,3.540491,16.33949,180,0,FALSE,,,0,8.1,0,0,0
33.9,032_04Jul2026_1554,-2.029292,1.768964,-1.234492,Plane,33.09691,None,Plane,3.866819,3.214163,3.540491,10.54068,180,0,FALSE,,,0,8.06,0,0,0
34,032_04Jul2026_1554,-2.03396,1.767664,-1.229843,Plane,33.1964,None,Plane,3.866819,3.214163,3.540491,34.9478,180,0,FALSE,,,0,8.59,0,0,0
34.1,032_04Jul2026_1554,-2.037827,1.766571,-1.227105,Plane,33.29658,None,Plane,3.866819,3.214163,3.540491,15.97993,180,0,FALSE,,,0,8.42,0,0,0
34.2,032_04Jul2026_1554,-2.040435,1.767041,-1.226018,Plane,33.39741,None,Plane,3.866819,3.105027,3.485923,4.360659,180,0,FALSE,,,0,8.39,0,0,0
34.3,032_04Jul2026_1554,-2.042706,1.767097,-1.227903,Plane,33.50769,None,Plane,3.866819,3.105027,3.485923,3.469254,180,0,FALSE,,,0,8.46,0,0,0
34.4,032_04Jul2026_1554,-2.043932,1.765192,-1.231257,Plane,33.60755,None,Plane,3.866819,3.105027,3.485923,6.870946,180,0,FALSE,,,0,8.24,0,0,0
34.5,032_04Jul2026_1554,-2.044623,1.763636,-1.235095,Plane,33.70757,None,Plane,3.866819,3.105027,3.485923,6.862529,180,0,FALSE,,,0,8,0,0,0
34.6,032_04Jul2026_1554,-2.045469,1.763957,-1.237621,Plane,33.79794,None,Plane,3.866819,3.105027,3.485923,5.816429,180,0,FALSE,,,0,8.26,0,0,0
34.7,032_04Jul2026_1554,-2.045874,1.764042,-1.240838,Plane,33.9007,None,Plane,3.649288,3.105027,3.377157,16.19258,180,0,FALSE,,,0,8.45,0,0,0
34.8,032_04Jul2026_1554,-2.046227,1.764528,-1.244139,Plane,34.00104,None,Plane,3.649288,3.105027,3.377157,6.06401,180,0,FALSE,,,0,8.65,0,0,0
34.9,032_04Jul2026_1554,-2.046601,1.764754,-1.246948,Plane,34.09978,None,Plane,3.649288,3.105027,3.377157,2.754127,180,0,FALSE,,,0,8.81,0,0,0
35,032_04Jul2026_1554,-2.046541,1.763083,-1.248553,Plane,34.20237,None,Plane,3.649288,3.168843,3.409065,34.38182,180,0,FALSE,,,0,8.89,0,0,0
35.1,032_04Jul2026_1554,-2.046961,1.763598,-1.24796,Plane,34.30194,None,Plane,3.649288,3.168843,3.409065,35.25041,180,0,FALSE,,,0,9.56,0,0,0
35.2,032_04Jul2026_1554,-2.047998,1.765724,-1.24479,Plane,34.41146,None,Plane,3.649288,3.168843,3.409065,15.72247,180,0,FALSE,,,0,9.73,0,0,0
35.3,032_04Jul2026_1554,-2.049151,1.7669,-1.241164,Plane,34.50031,None,Plane,3.649288,3.168843,3.409065,14.2124,180,0,FALSE,,,0,9.45,0,0,0
35.4,032_04Jul2026_1554,-2.051615,1.767945,-1.234987,Plane,34.60018,None,Plane,3.856817,3.168843,3.51283,17.27872,180,0,FALSE,,,0,9.69,0,0,0
35.5,032_04Jul2026_1554,-2.054346,1.76618,-1.227203,Plane,34.7,None,Plane,3.856817,3.168843,3.51283,65.32484,180,0,FALSE,,,0,8.97,0,0,0
35.6,032_04Jul2026_1554,-2.057002,1.765512,-1.218011,Plane,34.80022,None,Plane,3.856817,3.168843,3.51283,31.61597,180,0,FALSE,,,0,8.88,0,0,0
35.7,032_04Jul2026_1554,-2.059209,1.765258,-1.205894,Plane,34.89992,None,Plane,3.856817,3.168843,3.51283,30.57127,180,0,FALSE,,,0,8.77,0,0,0
35.8,032_04Jul2026_1554,-2.060729,1.764127,-1.194065,Plane,35.00013,None,Plane,3.856817,3.168843,3.51283,25.44608,180,0,FALSE,,,0,8.9,0,0,0
35.9,032_04Jul2026_1554,-2.060513,1.761336,-1.182798,Plane,35.1004,None,Plane,3.856817,3.168843,3.51283,18.49406,180,0,FALSE,,,0,8.71,0,0,0
36,032_04Jul2026_1554,-2.058178,1.761234,-1.168518,Plane,35.20071,None,Plane,3.856817,3.027146,3.441981,23.9691,180,0,FALSE,,,0,8.39,0,0,0
36.1,032_04Jul2026_1554,-2.054269,1.761923,-1.152811,Plane,35.30106,None,Plane,3.856817,3.027146,3.441981,34.42295,180,0,FALSE,,,0,8.5,0,0,0
36.2,032_04Jul2026_1554,-2.04927,1.761056,-1.139829,Plane,35.40012,None,Plane,3.856817,3.027146,3.441981,16.83778,180,0,FALSE,,,0,8.73,0,0,0
36.3,032_04Jul2026_1554,-2.043127,1.761554,-1.125683,Plane,35.50633,None,Plane,3.856817,3.027146,3.441981,29.3021,180,0,FALSE,,,0,8.93,0,0,0
36.4,032_04Jul2026_1554,-2.035455,1.763225,-1.110859,Plane,35.60681,None,Plane,3.856817,3.027146,3.441981,71.12827,180,0,FALSE,,,0,9.69,0,0,0
36.5,032_04Jul2026_1554,-2.024715,1.764549,-1.093444,Plane,35.70657,None,Plane,3.469419,3.027146,3.248282,42.23595,180,0,FALSE,,,0,9.35,0,0,0
36.6,032_04Jul2026_1554,-2.009744,1.76799,-1.07138,Plane,35.80635,None,Plane,3.469419,3.027146,3.248282,62.71987,180,0,FALSE,,,0,9.42,0,0,0
36.7,032_04Jul2026_1554,-1.993618,1.773392,-1.050302,Plane,35.90642,None,Plane,3.469419,3.027146,3.248282,166.5724,180,0,FALSE,,,0,9.72,0,0,0
36.8,032_04Jul2026_1554,-1.979633,1.77854,-1.03091,Plane,36.00638,None,Plane,3.469419,3.027146,3.248282,37.95811,180,0,FALSE,,,0,10.47,0,0,0
36.9,032_04Jul2026_1554,-1.965811,1.779375,-1.010191,Plane,36.10643,None,Plane,3.469419,3.027146,3.248282,15.03445,180,0,FALSE,,,0,10.4,0,0,0
37,032_04Jul2026_1554,-1.952819,1.776999,-0.9907956,Plane,36.20625,None,Plane,3.469419,2.986173,3.227796,33.69365,180,0,FALSE,,,0,10.01,0,0,0
37.1,032_04Jul2026_1554,-1.939863,1.776,-0.974178,Plane,36.30646,None,Plane,3.469419,2.986173,3.227796,67.60635,180,0,FALSE,,,0,11.78,0,0,0
37.2,032_04Jul2026_1554,-1.926747,1.778057,-0.9586937,Plane,36.40629,None,Plane,3.469419,2.986173,3.227796,32.1915,180,0,FALSE,,,0,13.36,0,0,0
37.3,032_04Jul2026_1554,-1.915897,1.777187,-0.9465287,Plane,36.50639,None,Plane,3.469419,2.986173,3.227796,48.78264,180,0,FALSE,,,0,12.29,0,0,0
37.4,032_04Jul2026_1554,-1.906008,1.778315,-0.9365354,Plane,36.60669,None,Plane,3.469419,2.986173,3.227796,87.59396,180,0,FALSE,,,0,11.08,0,0,0
37.5,032_04Jul2026_1554,-1.898018,1.778306,-0.9314656,Plane,36.70643,None,Plane,3.461195,2.986173,3.223684,16.77653,180,0,FALSE,,,0,11.24,0,0,0
37.6,032_04Jul2026_1554,-1.890918,1.77851,-0.9291195,Plane,36.80671,None,Plane,3.461195,2.986173,3.223684,11.35391,180,0,FALSE,,,0,11.46,0,0,0
37.7,032_04Jul2026_1554,-1.88451,1.780484,-0.928975,Plane,36.90648,None,Plane,3.461195,2.986173,3.223684,42.71449,180,0,FALSE,,,0,12.66,0,0,0
37.8,032_04Jul2026_1554,-1.877156,1.778902,-0.9307151,Plane,37.00642,None,Plane,3.461195,2.986173,3.223684,63.72945,180,0,FALSE,,,0,10.73,0,0,0
37.9,032_04Jul2026_1554,-1.867381,1.778617,-0.9342124,Plane,37.10643,None,Plane,3.461195,2.986173,3.223684,34.77084,180,0,FALSE,,,0,10.77,0,0,0
38,032_04Jul2026_1554,-1.857653,1.779469,-0.9379997,Plane,37.20631,None,Plane,3.461195,3.032094,3.246644,21.58187,180,0,FALSE,,,0,11.51,0,0,0
38.1,032_04Jul2026_1554,-1.851681,1.779524,-0.9420477,Plane,37.30639,None,Plane,3.461195,3.032094,3.246644,6.653557,180,0,FALSE,,,0,11.81,0,0,0
38.2,032_04Jul2026_1554,-1.848575,1.780576,-0.9445308,Plane,37.40598,None,Plane,3.461195,3.032094,3.246644,46.90315,180,0,FALSE,,,0,10.45,0,0,0
38.3,032_04Jul2026_1554,-1.841962,1.781724,-0.9464481,Plane,37.49711,None,Plane,3.461195,3.032094,3.246644,32.43498,180,0,FALSE,,,0,9.35,0,0,0
38.4,032_04Jul2026_1554,-1.823298,1.780485,-0.9508244,Plane,37.606,None,Plane,3.461195,3.032094,3.246644,43.20076,180,0,FALSE,,,0,8.71,0,0,0
38.5,032_04Jul2026_1554,-1.804778,1.78037,-0.9567055,Plane,37.69735,None,Plane,3.579336,3.032094,3.305715,8.936707,180,0,FALSE,,,0,8.71,0,0,0
38.6,032_04Jul2026_1554,-1.787148,1.781202,-0.964009,Plane,37.80614,None,Plane,3.579336,3.032094,3.305715,32.21233,180,0,FALSE,,,0,9.21,0,0,0
38.7,032_04Jul2026_1554,-1.780291,1.781644,-0.9672875,Plane,37.89664,None,Plane,3.579336,3.032094,3.305715,3.922293,180,0,FALSE,,,0,9.35,0,0,0
38.8,032_04Jul2026_1554,-1.772653,1.783046,-0.9721838,None,0,Plane,None,3.579336,3.032094,3.305715,12.66787,180,0,FALSE,None,None,,,,,
38.9,032_04Jul2026_1554,-1.764574,1.784297,-0.9781089,None,0.1022491,Plane,None,3.579336,3.032094,3.305715,8.768446,180,0,FALSE,None,None,,,,,
39,032_04Jul2026_1554,-1.760377,1.785004,-0.9820555,None,0.2000999,Plane,None,3.579336,3.230838,3.405087,5.314395,180,0,FALSE,None,None,,,,,
39.1,032_04Jul2026_1554,-1.757832,1.785713,-0.9852024,None,0.3000603,Plane,None,3.579336,3.230838,3.405087,12.69841,180,0,FALSE,None,None,,,,,
39.2,032_04Jul2026_1554,-1.757151,1.786424,-0.9879362,None,0.4002991,Plane,None,3.94009,3.230838,3.585464,10.10757,180,0,FALSE,None,None,,,,,
39.3,032_04Jul2026_1554,-1.757386,1.786019,-0.9904373,Plane,0,None,Plane,3.94009,3.230838,3.585464,9.014173,180,0,FALSE,,,0,11.62,0,0,0
39.4,032_04Jul2026_1554,-1.756549,1.785339,-0.9943572,Plane,0.09991837,None,Plane,3.94009,3.230838,3.585464,11.82971,180,0,FALSE,,,0,11.67,0,0,0
39.5,032_04Jul2026_1554,-1.755076,1.786071,-0.9990388,Plane,0.1998634,None,Plane,3.94009,3.230838,3.585464,25.05351,180,0,FALSE,,,0,12.24,0,0,0
39.6,032_04Jul2026_1554,-1.755187,1.785537,-1.003016,Plane,0.2997971,None,Plane,3.94009,3.230838,3.585464,5.384973,180,0,FALSE,,,0,12.26,0,0,0
39.7,032_04Jul2026_1554,-1.755698,1.784786,-1.006377,Plane,0.3998795,None,Plane,3.94009,3.230838,3.585464,6.162476,180,0,FALSE,,,0,12.21,0,0,0
39.8,032_04Jul2026_1554,-1.755948,1.783032,-1.009933,Plane,0.4997559,None,Plane,3.94009,3.481099,3.710594,6.895547,180,0,FALSE,,,0,12.29,0,0,0
39.9,032_04Jul2026_1554,-1.756243,1.781761,-1.013676,Plane,0.6006966,None,Plane,3.94009,3.481099,3.710594,6.555847,180,0,FALSE,,,0,12.49,0,0,0
40,032_04Jul2026_1554,-1.759141,1.782436,-1.016762,Plane,0.6997108,None,Plane,3.94009,3.481099,3.710594,14.04849,180,0,FALSE,,,0,12.82,0,0,0
40.1,032_04Jul2026_1554,-1.767544,1.785407,-1.017446,Plane,0.8033562,None,Plane,3.94009,3.481099,3.710594,21.82281,180,0,FALSE,,,0,14.11,0,0,0
40.2,032_04Jul2026_1554,-1.778924,1.786178,-1.015847,Plane,0.9044228,None,Plane,3.835065,3.481099,3.658082,24.48687,180,0,FALSE,,,0,14.25,0,0,0
40.3,032_04Jul2026_1554,-1.787805,1.786377,-1.014186,Plane,1.004375,None,Plane,3.835065,3.481099,3.658082,12.56759,180,0,FALSE,,,0,14.03,0,0,0
40.4,032_04Jul2026_1554,-1.791071,1.787138,-1.012323,Plane,1.104187,None,Plane,3.835065,3.481099,3.658082,5.080202,180,0,FALSE,,,0,13.89,0,0,0
40.5,032_04Jul2026_1554,-1.793186,1.785955,-1.010672,Plane,1.204262,None,Plane,3.835065,3.481099,3.658082,13.26225,180,0,FALSE,,,0,12.42,0,0,0
40.6,032_04Jul2026_1554,-1.793993,1.786303,-1.008315,Plane,1.304592,None,Plane,3.835065,3.481099,3.658082,15.73972,180,0,FALSE,,,0,12.17,0,0,0
40.7,032_04Jul2026_1554,-1.791506,1.785997,-1.006214,Plane,1.40432,None,Plane,3.835065,3.481099,3.658082,40.46045,180,0,FALSE,,,0,9.36,0,0,0
40.8,032_04Jul2026_1554,-1.788493,1.784611,-1.003026,Plane,1.504436,None,Plane,3.835065,3.29005,3.562557,20.21741,180,0,FALSE,,,0,8.22,0,0,0
40.9,032_04Jul2026_1554,-1.786104,1.782528,-0.9990299,Plane,1.604176,None,Plane,3.835065,3.29005,3.562557,9.569932,180,0,FALSE,,,0,8.19,0,0,0
41,032_04Jul2026_1554,-1.784476,1.780414,-0.9943628,Plane,1.704323,None,Plane,3.835065,3.29005,3.562557,4.761327,180,0,FALSE,,,0,7.73,0,0,0
41.1,032_04Jul2026_1554,-1.783404,1.779391,-0.9895798,Plane,1.804363,None,Plane,3.835065,3.29005,3.562557,7.222423,180,0,FALSE,,,0,7.6,0,0,0
41.2,032_04Jul2026_1554,-1.784603,1.775934,-0.9845293,Plane,1.904408,None,Plane,3.835065,3.29005,3.562557,12.84093,180,0,FALSE,,,0,7.26,0,0,0
41.3,032_04Jul2026_1554,-1.792927,1.77607,-0.9771633,Plane,2.004288,None,Plane,3.681651,3.29005,3.48585,30.33334,180,0,FALSE,,,0,7.54,0,0,0
41.4,032_04Jul2026_1554,-1.808251,1.775573,-0.9694795,Plane,2.104324,None,Plane,3.681651,-1,1.340826,56.51294,180,0,TRUE,,,0,4.89,0,0,0
41.5,032_04Jul2026_1554,-1.825585,1.775514,-0.9634018,Plane,2.204269,None,Plane,-1,-1,-1,128.1446,180,0,TRUE,,,0,36.51,0,0,0
41.6,032_04Jul2026_1554,-1.844042,1.776613,-0.9590608,Plane,2.304165,None,Plane,-1,-1,-1,122.3724,180,0,TRUE,,,0,7.36,0,0,0
41.7,032_04Jul2026_1554,-1.865495,1.777076,-0.95732,Plane,2.404255,None,Plane,-1,-1,-1,200.3987,180,0,TRUE,,,0,4.25,0,0,0
41.8,032_04Jul2026_1554,-1.888298,1.779561,-0.9596592,Plane,2.504307,None,Plane,-1,-1,-1,293.4919,180,0,TRUE,,,0,3.36,0,0,0
41.9,032_04Jul2026_1554,-1.910266,1.782432,-0.9652925,Plane,2.604275,None,Plane,3.681651,3.29005,3.48585,458.7192,180,0,FALSE,,,0,21.27,0,0,0
42,032_04Jul2026_1554,-1.924886,1.78223,-0.970285,Plane,2.704029,None,Plane,3.681651,3.29005,3.48585,42.76502,180,0,FALSE,,,0,8.92,0,0,0
42.1,032_04Jul2026_1554,-1.932874,1.780156,-0.9725715,Plane,2.807861,None,Plane,3.681651,3.29005,3.48585,3.18805,180,0,FALSE,,,0,9.84,0,0,0
42.2,032_04Jul2026_1554,-1.936424,1.775573,-0.9736847,Plane,2.907845,None,Plane,3.681651,3.29005,3.48585,20.80622,180,0,FALSE,,,0,9.68,0,0,0
42.3,032_04Jul2026_1554,-1.937875,1.775036,-0.9740506,Plane,3.007767,None,Plane,3.681651,2.98829,3.33497,2.566083,180,0,FALSE,,,0,9.59,0,0,0
42.4,032_04Jul2026_1554,-1.937884,1.775327,-0.9736397,Plane,3.107685,None,Plane,3.681651,2.98829,3.33497,4.324069,180,0,FALSE,,,0,10.03,0,0,0
42.5,032_04Jul2026_1554,-1.937849,1.772505,-0.9725696,Plane,3.207863,None,Plane,3.681651,2.98829,3.33497,7.943265,180,0,FALSE,,,0,9.63,0,0,0
42.6,032_04Jul2026_1554,-1.938572,1.771461,-0.9723492,Plane,3.307873,None,Plane,3.681651,2.98829,3.33497,2.646437,180,0,FALSE,,,0,9.46,0,0,0
42.7,032_04Jul2026_1554,-1.940137,1.772991,-0.9720428,Plane,3.407764,None,Plane,3.681651,2.98829,3.33497,15.51836,180,0,FALSE,,,0,10.35,0,0,0
42.8,032_04Jul2026_1554,-1.9422,1.772805,-0.9721406,Plane,3.49799,None,Plane,3.230806,2.98829,3.109548,10.11678,180,0,FALSE,,,0,10.85,0,0,0
42.9,032_04Jul2026_1554,-1.945497,1.770441,-0.9724193,Plane,3.607746,None,Plane,3.230806,2.98829,3.109548,3.229243,180,0,FALSE,,,0,11.02,0,0,0
43,032_04Jul2026_1554,-1.952101,1.767161,-0.9752426,Plane,3.698494,None,Plane,3.230806,2.98829,3.109548,30.66797,180,0,FALSE,,,0,10.44,0,0,0
43.1,032_04Jul2026_1554,-1.965014,1.762721,-0.9817955,Plane,3.807751,None,Plane,3.230806,2.98829,3.109548,127.013,180,0,FALSE,,,0,10.35,0,0,0
43.2,032_04Jul2026_1554,-1.974679,1.762503,-0.9874195,Plane,3.898983,None,Plane,3.230806,2.98829,3.109548,32.98408,180,0,FALSE,,,0,10.39,0,0,0
43.3,032_04Jul2026_1554,-1.986016,1.763829,-0.996891,Plane,4.007755,None,Plane,3.230806,2.911078,3.070942,26.4277,180,0,FALSE,,,0,11,0,0,0
43.4,032_04Jul2026_1554,-1.997021,1.76415,-1.008598,Plane,4.109783,None,Plane,3.230806,2.911078,3.070942,28.80045,180,0,FALSE,,,0,11.55,0,0,0
43.5,032_04Jul2026_1554,-2.006655,1.763755,-1.0221,Plane,4.207859,None,Plane,3.512385,2.911078,3.211731,66.84512,180,0,FALSE,,,0,11.29,0,0,0
43.6,032_04Jul2026_1554,-2.015333,1.765367,-1.035899,Plane,4.30751,None,Plane,3.512385,2.911078,3.211731,31.07892,180,0,FALSE,,,0,11.42,0,0,0
43.7,032_04Jul2026_1554,-2.024048,1.767994,-1.051644,Plane,4.407982,None,Plane,3.512385,2.911078,3.211731,22.65812,180,0,FALSE,,,0,12.57,0,0,0
43.8,032_04Jul2026_1554,-2.032758,1.76917,-1.066531,Plane,4.50782,None,Plane,3.512385,2.911078,3.211731,14.12567,180,0,FALSE,,,0,13.24,0,0,0
43.9,032_04Jul2026_1554,-2.039896,1.766504,-1.078297,Plane,4.607979,None,Plane,3.512385,2.911078,3.211731,9.375069,180,0,FALSE,,,0,13.75,0,0,0
44,032_04Jul2026_1554,-2.045634,1.763898,-1.088302,Plane,4.707771,None,Plane,3.512385,3.041195,3.27679,100.5164,180,0,FALSE,,,0,10.87,0,0,0
44.1,032_04Jul2026_1554,-2.049631,1.76486,-1.094755,Plane,4.801361,None,Plane,3.512385,3.041195,3.27679,39.76476,180,0,FALSE,,,0,9.8,0,0,0
44.2,032_04Jul2026_1554,-2.051746,1.765634,-1.099133,Plane,4.9016,None,Plane,3.512385,3.041195,3.27679,10.84196,180,0,FALSE,,,0,9.75,0,0,0
44.3,032_04Jul2026_1554,-2.054,1.767904,-1.102773,Plane,5.00169,None,Plane,3.512385,3.041195,3.27679,5.480898,180,0,FALSE,,,0,9.67,0,0,0
44.4,032_04Jul2026_1554,-2.055681,1.767511,-1.105178,Plane,5.101791,None,Plane,3.512385,3.041195,3.27679,6.227504,180,0,FALSE,,,0,9.11,0,0,0
44.5,032_04Jul2026_1554,-2.057502,1.766669,-1.106491,Plane,5.201466,None,Plane,3.412283,3.041195,3.226739,7.447306,180,0,FALSE,,,0,8.53,0,0,0
44.6,032_04Jul2026_1554,-2.059003,1.766585,-1.107775,Plane,5.301388,None,Plane,3.412283,3.041195,3.226739,4.023386,180,0,FALSE,,,0,8.19,0,0,0
44.7,032_04Jul2026_1554,-2.060308,1.766753,-1.108893,Plane,5.401646,None,Plane,3.412283,3.041195,3.226739,2.886467,180,0,FALSE,,,0,8.18,0,0,0
44.8,032_04Jul2026_1554,-2.061224,1.76624,-1.111422,Plane,5.50169,None,Plane,3.412283,3.041195,3.226739,5.606803,180,0,FALSE,,,0,8.1,0,0,0
44.9,032_04Jul2026_1554,-2.062542,1.767003,-1.117832,Plane,5.601906,None,Plane,3.412283,3.041195,3.226739,17.98123,180,0,FALSE,,,0,8.28,0,0,0
45,032_04Jul2026_1554,-2.063879,1.767491,-1.129721,Plane,5.701851,None,Plane,3.412283,2.954996,3.183639,29.39664,180,0,FALSE,,,0,8.45,0,0,0
45.1,032_04Jul2026_1554,-2.063873,1.768121,-1.14588,Plane,5.801628,None,Plane,3.412283,2.954996,3.183639,116.8832,180,0,FALSE,,,0,10.4,0,0,0
45.2,032_04Jul2026_1554,-2.062159,1.769125,-1.162475,Plane,5.901348,None,Plane,3.412283,2.954996,3.183639,48.99755,180,0,FALSE,,,0,11.25,0,0,0
45.3,032_04Jul2026_1554,-2.058418,1.770973,-1.178509,Plane,6.001499,None,Plane,3.412283,2.954996,3.183639,17.92116,180,0,FALSE,,,0,10.6,0,0,0
45.4,032_04Jul2026_1554,-2.053601,1.772415,-1.191755,Plane,6.101288,None,Plane,3.412283,2.954996,3.183639,4.115627,180,0,FALSE,,,0,11.2,0,0,0
45.5,032_04Jul2026_1554,-2.049463,1.772565,-1.201027,Plane,6.20174,None,Plane,3.412283,2.954996,3.183639,36.04033,180,0,FALSE,,,0,9.55,0,0,0
45.6,032_04Jul2026_1554,-2.046648,1.772696,-1.205409,Plane,6.301876,None,Plane,3.773635,2.954996,3.364316,50.49433,180,0,FALSE,,,0,6.01,0,0,0
45.7,032_04Jul2026_1554,-2.044313,1.773175,-1.20704,Plane,6.401363,None,Plane,3.773635,2.954996,3.364316,11.50046,180,0,FALSE,,,0,5.56,0,0,0
45.8,032_04Jul2026_1554,-2.041909,1.773204,-1.208889,Plane,6.505249,None,Plane,3.773635,2.954996,3.364316,8.009213,180,0,FALSE,,,0,5.24,0,0,0
45.9,032_04Jul2026_1554,-2.040399,1.774439,-1.209727,Plane,6.605083,None,Plane,3.773635,2.954996,3.364316,2.215402,180,0,FALSE,,,0,5.18,0,0,0
46,032_04Jul2026_1554,-2.038556,1.776975,-1.210555,Plane,6.705162,None,Plane,3.773635,3.113524,3.44358,1.355145,180,0,FALSE,,,0,5.2,0,0,0
46.1,032_04Jul2026_1554,-2.036596,1.77903,-1.21226,Plane,6.804874,None,Plane,3.773635,3.113524,3.44358,7.650456,180,0,FALSE,,,0,5.35,0,0,0
46.2,032_04Jul2026_1554,-2.033012,1.780199,-1.217078,Plane,6.905293,None,Plane,3.773635,3.113524,3.44358,160.6147,180,0,FALSE,,,0,8.19,0,0,0
46.3,032_04Jul2026_1554,-2.029113,1.781847,-1.224022,Plane,7.007015,None,Plane,3.773635,3.113524,3.44358,38.18206,180,0,FALSE,,,0,9.94,0,0,0
46.4,032_04Jul2026_1554,-2.025482,1.783334,-1.231737,Plane,7.105301,None,Plane,3.773635,3.113524,3.44358,18.853,180,0,FALSE,,,0,10.19,0,0,0
46.5,032_04Jul2026_1554,-2.020851,1.785007,-1.242339,Plane,7.20771,None,Plane,3.773635,3.113524,3.44358,19.04941,180,0,FALSE,,,0,10.63,0,0,0
46.6,032_04Jul2026_1554,-2.012552,1.788642,-1.256353,Plane,7.304932,None,Plane,3.347177,3.113524,3.23035,47.40508,180,0,FALSE,,,0,14.59,0,0,0
46.7,032_04Jul2026_1554,-2.001357,1.789291,-1.27122,Plane,7.405033,None,Plane,-1,-1,-1,979.522,180,0,TRUE,,,0,18.75,0,0,0
46.8,032_04Jul2026_1554,-1.989211,1.786299,-1.285619,Plane,7.504879,None,Plane,-1,-1,-1,867.9659,180,0,TRUE,,,0,32.16,0,0,0
46.9,032_04Jul2026_1554,-1.979263,1.785526,-1.297661,Plane,7.605282,None,Plane,-1,-1,-1,765.0912,180,0,TRUE,,,0,22.59,0,0,0
47,032_04Jul2026_1554,-1.974393,1.784204,-1.304497,Plane,7.705166,None,Plane,3.347177,3.113524,3.23035,733.8974,180,0,FALSE,,,0,11.07,0,0,0
47.1,032_04Jul2026_1554,-1.973917,1.784045,-1.307737,Plane,7.805157,None,Plane,3.347177,2.952804,3.149991,21.77197,180,0,FALSE,,,0,10.89,0,0,0
47.2,032_04Jul2026_1554,-1.972924,1.784309,-1.310447,Plane,7.897133,None,Plane,3.347177,2.952804,3.149991,11.53862,180,0,FALSE,,,0,10.47,0,0,0
47.3,032_04Jul2026_1554,-1.972138,1.783646,-1.313349,Plane,7.997421,None,Plane,3.347177,2.952804,3.149991,8.065825,180,0,FALSE,,,0,10.98,0,0,0
47.4,032_04Jul2026_1554,-1.971795,1.783131,-1.315086,Plane,8.097652,None,Plane,3.347177,2.952804,3.149991,11.53056,180,0,FALSE,,,0,13.38,0,0,0
47.5,032_04Jul2026_1554,-1.971026,1.782543,-1.317261,Plane,8.198044,None,Plane,3.347177,2.952804,3.149991,5.570015,180,0,FALSE,,,0,14.83,0,0,0
47.6,032_04Jul2026_1554,-1.969248,1.782364,-1.319015,Plane,8.297798,None,Plane,3.384148,2.952804,3.168476,5.071497,180,0,FALSE,,,0,15.96,0,0,0
47.7,032_04Jul2026_1554,-1.966634,1.782392,-1.320602,Plane,8.397511,None,Plane,3.384148,2.952804,3.168476,6.314451,180,0,FALSE,,,0,16.44,0,0,0
47.8,032_04Jul2026_1554,-1.963703,1.78335,-1.321972,Plane,8.498028,None,Plane,3.384148,2.804354,3.094251,6.383328,180,0,FALSE,,,0,17.72,0,0,0
47.9,032_04Jul2026_1554,-1.96082,1.784141,-1.322713,Plane,8.597168,None,Plane,3.384148,2.804354,3.094251,3.290888,180,0,FALSE,,,0,18.3,0,0,0
48,032_04Jul2026_1554,-1.959094,1.785353,-1.322493,Plane,8.69772,None,Plane,3.384148,2.804354,3.094251,5.681637,180,0,FALSE,,,0,19.49,0,0,0
48.1,032_04Jul2026_1554,-1.957803,1.786896,-1.321609,Plane,8.797329,None,Plane,3.384148,2.804354,3.094251,5.91148,180,0,FALSE,,,0,20.55,0,0,0
48.2,032_04Jul2026_1554,-1.956718,1.789423,-1.319913,Plane,8.897717,None,Plane,3.384148,2.804354,3.094251,6.461068,180,0,FALSE,,,0,21.99,0,0,0
48.3,032_04Jul2026_1554,-1.957322,1.792725,-1.316565,Plane,8.997658,None,Plane,3.493763,2.804354,3.149058,13.78666,180,0,FALSE,,,0,24.93,0,0,0
48.4,032_04Jul2026_1554,-1.959035,1.795957,-1.312621,Plane,9.097687,None,Plane,3.493763,2.804354,3.149058,16.84327,180,0,FALSE,,,0,29.11,0,0,0
48.5,032_04Jul2026_1554,-1.961073,1.799539,-1.308661,Plane,9.19738,None,Plane,3.493763,2.804354,3.149058,128.0734,180,0,FALSE,,,0,20.76,0,0,0
48.6,032_04Jul2026_1554,-1.964616,1.802981,-1.303602,Plane,9.297676,None,Plane,3.493763,2.804354,3.149058,47.52838,180,0,FALSE,,,0,20.85,0,0,0
48.7,032_04Jul2026_1554,-1.970912,1.805488,-1.29714,Plane,9.397511,None,Plane,3.493763,2.804354,3.149058,20.71909,180,0,FALSE,,,0,19.6,0,0,0
48.8,032_04Jul2026_1554,-1.979595,1.806265,-1.287778,Plane,9.501286,None,Plane,3.493763,3.001771,3.247767,25.54774,180,0,FALSE,,,0,18.36,0,0,0
48.9,032_04Jul2026_1554,-1.98815,1.807017,-1.276567,Plane,9.601566,None,Plane,3.493763,3.001771,3.247767,53.19973,180,0,FALSE,,,0,19.24,0,0,0
49,032_04Jul2026_1554,-1.997309,1.80684,-1.262486,Plane,9.701824,None,Plane,3.493763,3.001771,3.247767,67.43439,180,0,FALSE,,,0,19.18,0,0,0
49.1,032_04Jul2026_1554,-2.005657,1.807094,-1.247843,Plane,9.801582,None,Plane,3.493763,3.001771,3.247767,26.59125,180,0,FALSE,,,0,15.55,0,0,0
49.2,032_04Jul2026_1554,-2.012401,1.808087,-1.233152,Plane,9.901573,None,Plane,3.493763,3.001771,3.247767,41.82458,180,0,FALSE,,,0,17.09,0,0,0
49.3,032_04Jul2026_1554,-2.017344,1.808965,-1.218701,Plane,10.00146,None,Plane,3.493763,3.001771,3.247767,85.62638,180,0,FALSE,,,0,19.7,0,0,0
49.4,032_04Jul2026_1554,-2.022208,1.809674,-1.203773,Plane,10.10408,None,Plane,3.745152,3.001771,3.373461,30.5856,180,0,FALSE,,,0,18.03,0,0,0
49.5,032_04Jul2026_1554,-2.02641,1.809075,-1.188679,Plane,10.2019,None,Plane,3.745152,3.001771,3.373461,10.53673,180,0,FALSE,,,0,16.41,0,0,0
49.6,032_04Jul2026_1554,-2.029855,1.808316,-1.173615,Plane,10.30165,None,Plane,3.745152,3.001771,3.373461,94.27686,180,0,FALSE,,,0,18.39,0,0,0
49.7,032_04Jul2026_1554,-2.031929,1.80639,-1.160102,Plane,10.40189,None,Plane,3.745152,3.001771,3.373461,49.16019,180,0,FALSE,,,0,14.74,0,0,0
49.8,032_04Jul2026_1554,-2.034055,1.805119,-1.146861,Plane,10.50143,None,Plane,3.745152,3.104643,3.424897,12.83271,180,0,FALSE,,,0,13.68,0,0,0
49.9,032_04Jul2026_1554,-2.036593,1.801928,-1.136521,Plane,10.60189,None,Plane,3.745152,3.104643,3.424897,10.64686,180,0,FALSE,,,0,11.75,0,0,0
50,032_04Jul2026_1554,-2.040949,1.797609,-1.131309,Plane,10.70129,None,Plane,3.745152,3.104643,3.424897,10.58894,180,0,FALSE,,,0,10.52,0,0,0
50.1,032_04Jul2026_1554,-2.046871,1.789448,-1.130403,Plane,10.80175,None,Plane,3.745152,3.104643,3.424897,15.871,180,0,FALSE,,,0,8.93,0,0,0
50.2,032_04Jul2026_1554,-2.054003,1.779739,-1.133165,Plane,10.90142,None,Plane,3.745152,3.104643,3.424897,22.35284,180,0,FALSE,,,0,7.45,0,0,0
50.3,032_04Jul2026_1554,-2.060005,1.769561,-1.136704,Plane,11.00156,None,Plane,3.745152,3.104643,3.424897,79.20367,180,0,FALSE,,,0,4.86,0,0,0
50.4,032_04Jul2026_1554,-2.066034,1.76294,-1.142106,Plane,11.10192,None,Plane,3.827254,3.104643,3.465948,29.90182,180,0,FALSE,,,0,4.42,0,0,0
50.5,032_04Jul2026_1554,-2.069201,1.756772,-1.147171,Plane,11.2013,None,Plane,3.827254,3.104643,3.465948,25.02395,180,0,FALSE,,,0,4,0,0,0
50.6,032_04Jul2026_1554,-2.072103,1.754282,-1.148778,Plane,11.30175,None,Plane,3.827254,3.104643,3.465948,4.473797,180,0,FALSE,,,0,3.97,0,0,0
50.7,032_04Jul2026_1554,-2.076149,1.755497,-1.147221,Plane,11.40174,None,Plane,3.827254,3.104643,3.465948,7.420804,180,0,FALSE,,,0,4.05,0,0,0
50.8,032_04Jul2026_1554,-2.080962,1.75593,-1.144475,Plane,11.50184,None,Plane,3.827254,3.104643,3.465948,7.559257,180,0,FALSE,,,0,4.09,0,0,0
50.9,032_04Jul2026_1554,-2.084389,1.753256,-1.141688,Plane,11.60617,None,Plane,3.827254,3.053878,3.440566,10.19545,180,0,FALSE,,,0,4.01,0,0,0
51,032_04Jul2026_1554,-2.086301,1.752343,-1.137484,Plane,11.7063,None,Plane,3.827254,3.053878,3.440566,7.780618,180,0,FALSE,,,0,4,0,0,0
51.1,032_04Jul2026_1554,-2.087349,1.751885,-1.129055,Plane,11.80646,None,Plane,3.827254,3.053878,3.440566,15.27782,180,0,FALSE,,,0,3.98,0,0,0
51.2,032_04Jul2026_1554,-2.087252,1.750953,-1.116034,Plane,11.90619,None,Plane,3.827254,3.053878,3.440566,69.03581,180,0,FALSE,,,0,4.93,0,0,0
51.3,032_04Jul2026_1554,-2.08521,1.750553,-1.101133,Plane,12.00613,None,Plane,3.827254,3.053878,3.440566,54.32375,180,0,FALSE,,,0,5.82,0,0,0
51.4,032_04Jul2026_1554,-2.081925,1.750311,-1.085713,Plane,12.1065,None,Plane,3.251737,3.053878,3.152808,33.94235,180,0,FALSE,,,0,5.7,0,0,0
51.5,032_04Jul2026_1554,-2.077686,1.749529,-1.073112,Plane,12.20626,None,Plane,3.251737,3.053878,3.152808,8.300739,180,0,FALSE,,,0,5.64,0,0,0
51.6,032_04Jul2026_1554,-2.072959,1.748863,-1.062372,Plane,12.30621,None,Plane,3.251737,3.053878,3.152808,12.21877,180,0,FALSE,,,0,5.24,0,0,0
51.7,032_04Jul2026_1554,-2.068301,1.74954,-1.054989,Plane,12.40594,None,Plane,3.251737,3.053878,3.152808,121.3287,180,0,FALSE,,,0,3.38,0,0,0
51.8,032_04Jul2026_1554,-2.064096,1.752791,-1.049515,Plane,12.50627,None,Plane,3.251737,3.053878,3.152808,14.23996,180,0,FALSE,,,0,3.23,0,0,0
51.9,032_04Jul2026_1554,-2.061762,1.755164,-1.045886,Plane,12.59707,None,Plane,3.251737,2.984005,3.117871,1.021917,180,0,FALSE,,,0,3.23,0,0,0
52,032_04Jul2026_1554,-2.061231,1.754467,-1.047077,Plane,12.70624,None,Plane,3.251737,2.984005,3.117871,13.80272,180,0,FALSE,,,0,3.16,0,0,0
52.1,032_04Jul2026_1554,-2.062294,1.75474,-1.053039,Plane,12.80601,None,Plane,3.500423,2.984005,3.242214,33.64532,180,0,FALSE,,,0,3.25,0,0,0
52.2,032_04Jul2026_1554,-2.06444,1.755344,-1.058644,Plane,12.90638,None,Plane,3.500423,2.984005,3.242214,21.65598,180,0,FALSE,,,0,3.31,0,0,0
52.3,032_04Jul2026_1554,-2.067321,1.754442,-1.067506,Plane,13.00833,None,Plane,3.500423,2.984005,3.242214,23.85735,180,0,FALSE,,,0,3.3,0,0,0
52.4,032_04Jul2026_1554,-2.070648,1.753753,-1.079985,Plane,13.10658,None,Plane,3.500423,2.984005,3.242214,86.99572,180,0,FALSE,,,0,3.68,0,0,0
52.5,032_04Jul2026_1554,-2.072556,1.753256,-1.094593,Plane,13.20785,None,Plane,3.500423,2.984005,3.242214,48.84734,180,0,FALSE,,,0,3.88,0,0,0
52.6,032_04Jul2026_1554,-2.073188,1.752977,-1.111097,Plane,13.30627,None,Plane,3.500423,2.751782,3.126102,26.68051,180,0,FALSE,,,0,3.91,0,0,0
52.7,032_04Jul2026_1554,-2.072687,1.751785,-1.125316,Plane,13.40634,None,Plane,3.500423,2.751782,3.126102,34.31253,180,0,FALSE,,,0,4.15,0,0,0
52.8,032_04Jul2026_1554,-2.07281,1.751482,-1.137546,Plane,13.50626,None,Plane,3.500423,2.751782,3.126102,25.50895,180,0,FALSE,,,0,4.38,0,0,0
52.9,032_04Jul2026_1554,-2.072697,1.750359,-1.147163,Plane,13.60036,None,Plane,3.500423,2.751782,3.126102,13.0956,180,0,FALSE,,,0,4.36,0,0,0
53,032_04Jul2026_1554,-2.07209,1.748414,-1.154483,Plane,13.70007,None,Plane,3.500423,2.751782,3.126102,61.82484,180,0,FALSE,,,0,5.62,0,0,0
53.1,032_04Jul2026_1554,-2.07207,1.747516,-1.158039,Plane,13.80025,None,Plane,3.088671,2.751782,2.920226,23.35685,180,0,FALSE,,,0,6.38,0,0,0
53.2,032_04Jul2026_1554,-2.071837,1.747399,-1.158403,Plane,13.90014,None,Plane,3.088671,2.751782,2.920226,19.60071,180,0,FALSE,,,0,6.99,0,0,0
53.3,032_04Jul2026_1554,-2.070721,1.746986,-1.156422,Plane,13.99995,None,Plane,3.088671,2.751782,2.920226,47.38692,180,0,FALSE,,,0,5.19,0,0,0
53.4,032_04Jul2026_1554,-2.068807,1.74811,-1.152045,Plane,14.10019,None,Plane,3.088671,2.751782,2.920226,19.18617,180,0,FALSE,,,0,4.7,0,0,0
53.5,032_04Jul2026_1554,-2.066719,1.750066,-1.146509,Plane,14.19998,None,Plane,3.088671,2.751782,2.920226,12.44443,180,0,FALSE,,,0,4.61,0,0,0
53.6,032_04Jul2026_1554,-2.064875,1.752386,-1.141045,Plane,14.30036,None,Plane,3.088671,3.006933,3.047802,46.48747,180,0,FALSE,,,0,6.76,0,0,0
53.7,032_04Jul2026_1554,-2.064056,1.75341,-1.136015,Plane,14.40034,None,Plane,3.088671,3.006933,3.047802,70.24991,180,0,FALSE,,,0,16.8,0,0,0
53.8,032_04Jul2026_1554,-2.063841,1.752837,-1.131567,Plane,14.49989,None,Plane,3.088671,3.006933,3.047802,63.08242,180,0,FALSE,,,0,6.94,0,0,0
53.9,032_04Jul2026_1554,-2.06344,1.752466,-1.127572,Plane,14.60024,None,Plane,3.088671,3.006933,3.047802,24.06178,180,0,FALSE,,,0,5.76,0,0,0
54,032_04Jul2026_1554,-2.062491,1.752714,-1.124856,Plane,14.70008,None,Plane,3.088671,3.006933,3.047802,15.64573,180,0,FALSE,,,0,5.28,0,0,0
54.1,032_04Jul2026_1554,-2.061348,1.753191,-1.12448,Plane,14.80018,None,Plane,3.733306,3.006933,3.37012,4.15949,180,0,FALSE,,,0,5.12,0,0,0
54.2,032_04Jul2026_1554,-2.05961,1.753512,-1.125338,Plane,14.9002,None,Plane,3.733306,3.006933,3.37012,4.058448,180,0,FALSE,,,0,5.06,0,0,0
54.3,032_04Jul2026_1554,-2.058862,1.754956,-1.126359,Plane,15.00041,None,Plane,3.733306,3.006933,3.37012,3.586041,180,0,FALSE,,,0,5.09,0,0,0
54.4,032_04Jul2026_1554,-2.059273,1.753904,-1.126813,Plane,15.10003,None,Plane,3.733306,3.006933,3.37012,4.618781,180,0,FALSE,,,0,4.96,0,0,0
54.5,032_04Jul2026_1554,-2.059667,1.750448,-1.127605,Plane,15.20011,None,Plane,3.733306,3.006933,3.37012,10.09437,180,0,FALSE,,,0,4.73,0,0,0
54.6,032_04Jul2026_1554,-2.059397,1.750023,-1.129604,Plane,15.3038,None,Plane,3.733306,3.371255,3.55228,52.29591,180,0,FALSE,,,0,3.86,0,0,0
54.7,032_04Jul2026_1554,-2.058518,1.750872,-1.130536,Plane,15.40398,None,Plane,3.733306,3.371255,3.55228,44.0193,180,0,FALSE,,,0,3.41,0,0,0
54.8,032_04Jul2026_1554,-2.05748,1.751561,-1.130165,Plane,15.50387,None,Plane,3.733306,3.371255,3.55228,5.884786,180,0,FALSE,,,0,3.38,0,0,0
54.9,032_04Jul2026_1554,-2.057117,1.752881,-1.129715,Plane,15.60365,None,Plane,3.733306,3.371255,3.55228,0.9712597,180,0,FALSE,,,0,3.4,0,0,0
55,032_04Jul2026_1554,-2.057953,1.753394,-1.128489,Plane,15.70371,None,Plane,3.733306,3.371255,3.55228,104.168,180,0,FALSE,,,0,4.93,0,0,0
55.1,032_04Jul2026_1554,-2.058443,1.75038,-1.126485,Plane,15.80362,None,Plane,3.435096,3.371255,3.403176,36.95805,180,0,FALSE,,,0,5.64,0,0,0
55.2,032_04Jul2026_1554,-2.05797,1.750751,-1.124645,Plane,15.90709,None,Plane,3.435096,3.371255,3.403176,11.75176,180,0,FALSE,,,0,6,0,0,0
55.3,032_04Jul2026_1554,-2.056542,1.753589,-1.121873,Plane,16.00404,None,Plane,3.435096,3.371255,3.403176,13.13339,180,0,FALSE,,,0,6.44,0,0,0
55.4,032_04Jul2026_1554,-2.054447,1.75603,-1.118538,Plane,16.10374,None,Plane,3.435096,3.371255,3.403176,10.2239,180,0,FALSE,,,0,6.76,0,0,0
55.5,032_04Jul2026_1554,-2.052608,1.759905,-1.115184,Plane,16.20385,None,Plane,3.435096,3.371255,3.403176,15.32053,180,0,FALSE,,,0,7.35,0,0,0
55.6,032_04Jul2026_1554,-2.051322,1.762772,-1.109895,Plane,16.30433,None,Plane,3.435096,3.371255,3.403176,58.04827,180,0,FALSE,,,0,11.37,0,0,0
55.7,032_04Jul2026_1554,-2.049098,1.764494,-1.105343,Plane,16.40405,None,Plane,3.435096,3.006554,3.220825,20.81739,180,0,FALSE,,,0,11.57,0,0,0
55.8,032_04Jul2026_1554,-2.045578,1.768082,-1.09907,Plane,16.50393,None,Plane,3.435096,3.006554,3.220825,35.05436,180,0,FALSE,,,0,29.37,0,0,0
55.9,032_04Jul2026_1554,-2.041224,1.771412,-1.089597,None,0,Plane,None,-1,-1,-1,1461.728,180,0,TRUE,None,None,,,,,
56,032_04Jul2026_1554,-2.037272,1.772225,-1.077221,Plane,0,None,Plane,3.435096,3.006554,3.220825,1597.494,180,0,FALSE,,,0,14.01,0,0,0
56.1,032_04Jul2026_1554,-2.033385,1.770205,-1.063956,Plane,0.09976959,None,Plane,3.435096,3.006554,3.220825,59.1619,180,0,FALSE,,,0,46.27,0,0,0
56.2,032_04Jul2026_1554,-2.028422,1.767594,-1.051894,Plane,0.2001114,None,Plane,3.46812,3.006554,3.237337,36.61297,180,0,FALSE,,,0,20.09,0,0,0
56.3,032_04Jul2026_1554,-2.022478,1.767937,-1.040804,Plane,0.3004227,None,Plane,3.46812,3.006554,3.237337,52.13405,180,0,FALSE,,,0,17.06,0,0,0
56.4,032_04Jul2026_1554,-2.016114,1.769613,-1.030209,Plane,0.4002647,None,Plane,3.46812,3.024973,3.246547,27.47221,180,0,FALSE,,,0,17.28,0,0,0
56.5,032_04Jul2026_1554,-2.010974,1.770096,-1.021195,Plane,0.5000114,None,Plane,3.46812,3.024973,3.246547,23.87671,180,0,FALSE,,,0,16.45,0,0,0
56.6,032_04Jul2026_1554,-2.007717,1.768374,-1.014804,Plane,0.5997047,None,Plane,3.46812,3.024973,3.246547,11.65037,180,0,FALSE,,,0,14.5,0,0,0
56.7,032_04Jul2026_1554,-2.006618,1.76778,-1.010936,Plane,0.7000122,None,Plane,3.46812,3.024973,3.246547,7.315712,180,0,FALSE,,,0,13.71,0,0,0
56.8,032_04Jul2026_1554,-2.007253,1.767632,-1.00973,Plane,0.7997284,None,Plane,3.46812,3.024973,3.246547,4.502117,180,0,FALSE,,,0,13.57,0,0,0
56.9,032_04Jul2026_1554,-2.007873,1.768197,-1.009307,Plane,0.8998833,None,Plane,3.42563,3.024973,3.225302,8.491034,180,0,FALSE,,,0,13.64,0,0,0
57,032_04Jul2026_1554,-2.007549,1.768404,-1.008151,Plane,0.9998779,None,Plane,3.42563,3.024973,3.225302,8.78534,180,0,FALSE,,,0,13.18,0,0,0
57.1,032_04Jul2026_1554,-2.008136,1.767922,-1.008544,Plane,1.09977,None,Plane,3.42563,3.024973,3.225302,65.03625,180,0,FALSE,,,0,12.7,0,0,0
57.2,032_04Jul2026_1554,-2.00938,1.766471,-1.01008,Plane,1.200039,None,Plane,3.42563,3.024973,3.225302,32.29577,180,0,FALSE,,,0,11.91,0,0,0
57.3,032_04Jul2026_1554,-2.010091,1.765493,-1.011762,Plane,1.299923,None,Plane,3.42563,3.024973,3.225302,16.7475,180,0,FALSE,,,0,11.64,0,0,0
57.4,032_04Jul2026_1554,-2.009904,1.765624,-1.012224,Plane,1.400135,None,Plane,3.42563,3.075838,3.250734,5.745146,180,0,FALSE,,,0,11.75,0,0,0
57.5,032_04Jul2026_1554,-2.009044,1.766573,-1.012456,Plane,1.493069,None,Plane,3.42563,3.075838,3.250734,3.200069,180,0,FALSE,,,0,11.96,0,0,0
57.6,032_04Jul2026_1554,-2.007469,1.767757,-1.010839,Plane,1.593216,None,Plane,3.42563,3.075838,3.250734,1.766786,180,0,FALSE,,,0,12.18,0,0,0
57.7,032_04Jul2026_1554,-2.005492,1.767116,-1.007311,Plane,1.692963,None,Plane,3.42563,3.075838,3.250734,5.438632,180,0,FALSE,,,0,11.85,0,0,0
57.8,032_04Jul2026_1554,-2.004404,1.766333,-1.004502,Plane,1.79314,None,Plane,3.42563,3.075838,3.250734,3.598124,180,0,FALSE,,,0,11.86,0,0,0
57.9,032_04Jul2026_1554,-2.004273,1.76669,-1.002984,Plane,1.895027,None,Plane,3.659036,3.075838,3.367437,2.247567,180,0,FALSE,,,0,11.59,0,0,0
58,032_04Jul2026_1554,-2.004101,1.767523,-1.0009,Plane,1.993336,None,Plane,3.659036,3.075838,3.367437,0.6970709,180,0,FALSE,,,0,11.53,0,0,0
58.1,032_04Jul2026_1554,-2.005332,1.768337,-1.000745,Plane,2.094666,None,Plane,3.659036,3.075838,3.367437,6.145815,180,0,FALSE,,,0,11.45,0,0,0
58.2,032_04Jul2026_1554,-2.009626,1.767482,-1.004014,Plane,2.193489,None,Plane,3.659036,3.075838,3.367437,19.36241,180,0,FALSE,,,0,11.49,0,0,0
58.3,032_04Jul2026_1554,-2.016171,1.765339,-1.011489,Plane,2.294743,None,Plane,3.659036,-1,1.329518,673.734,180,0,TRUE,,,0,23.92,0,0,0
58.4,032_04Jul2026_1554,-2.023735,1.766039,-1.020642,None,0,Plane,None,-1,-1,-1,1311.636,180,0,TRUE,None,None,,,,,
58.5,032_04Jul2026_1554,-2.029067,1.765378,-1.031342,None,0.09988022,Plane,None,3.659036,3.075838,3.367437,1573.981,180,0,FALSE,None,None,,,,,
58.6,032_04Jul2026_1554,-2.033349,1.768435,-1.04553,Plane,0,None,Plane,3.659036,3.075838,3.367437,23.65467,180,0,FALSE,,,0,47.6,0,0,0
58.7,032_04Jul2026_1554,-2.036565,1.771839,-1.059186,None,0,Plane,None,3.659036,3.075838,3.367437,25.33718,180,0,FALSE,None,None,,,,,
58.8,032_04Jul2026_1554,-2.038764,1.774182,-1.071874,Plane,0,None,Plane,3.659036,3.075838,3.367437,31.13241,180,0,FALSE,,,0,27.28,0,0,0
58.9,032_04Jul2026_1554,-2.040953,1.775999,-1.082435,Plane,0.1000786,None,Plane,3.659036,3.00762,3.333328,18.47087,180,0,FALSE,,,0,22.67,0,0,0
59,032_04Jul2026_1554,-2.042871,1.775233,-1.092308,Plane,0.2000313,None,Plane,3.659036,3.00762,3.333328,9.323235,180,0,FALSE,,,0,20.57,0,0,0
59.1,032_04Jul2026_1554,-2.044216,1.774505,-1.103375,Plane,0.3001099,None,Plane,3.659036,3.00762,3.333328,22.55208,180,0,FALSE,,,0,16.25,0,0,0
59.2,032_04Jul2026_1554,-2.043436,1.774695,-1.112367,Plane,0.3996964,None,Plane,3.659036,3.00762,3.333328,28.26771,180,0,FALSE,,,0,11.99,0,0,0
59.3,032_04Jul2026_1554,-2.040967,1.775939,-1.115724,Plane,0.4999962,None,Plane,3.659036,3.00762,3.333328,9.569423,180,0,FALSE,,,0,11.86,0,0,0
59.4,032_04Jul2026_1554,-2.037985,1.776907,-1.11371,Plane,0.6091118,None,Plane,3.544112,3.00762,3.275867,18.11519,180,0,FALSE,,,0,11.87,0,0,0
59.5,032_04Jul2026_1554,-2.035392,1.777416,-1.107745,Plane,0.7001915,None,Plane,3.544112,3.00762,3.275867,63.07264,180,0,FALSE,,,0,10.62,0,0,0
59.6,032_04Jul2026_1554,-2.032554,1.777607,-1.095051,Plane,0.8001442,None,Plane,3.544112,3.00762,3.275867,49.29295,180,0,FALSE,,,0,9.8,0,0,0
59.7,032_04Jul2026_1554,-2.027086,1.774362,-1.079414,Plane,0.9002113,None,Plane,3.544112,3.00762,3.275867,63.51313,180,0,FALSE,,,0,9.26,0,0,0
59.8,032_04Jul2026_1554,-2.019128,1.774211,-1.061834,Plane,1.000149,None,Plane,3.544112,3.00762,3.275867,139.7744,180,0,FALSE,,,0,12.9,0,0,0
59.9,032_04Jul2026_1554,-2.008396,1.775119,-1.0435,Plane,1.100243,None,Plane,3.544112,3.072431,3.308272,43.93045,180,0,FALSE,,,0,12.98,0,0,0
60,032_04Jul2026_1554,-1.995585,1.775369,-1.026077,Plane,1.204315,None,Plane,3.544112,3.072431,3.308272,11.30809,180,0,FALSE,,,0,10.82,0,0,0
60.1,032_04Jul2026_1554,-1.980132,1.776877,-1.008134,Plane,1.304497,None,Plane,3.544112,3.072431,3.308272,109.0668,180,0,FALSE,,,0,12.35,0,0,0
60.2,032_04Jul2026_1554,-1.967093,1.77838,-0.9960943,Plane,1.404514,None,Plane,3.544112,3.072431,3.308272,40.071,180,0,FALSE,,,0,14.54,0,0,0
60.3,032_04Jul2026_1554,-1.957971,1.778636,-0.9889839,Plane,1.504219,None,Plane,3.544112,3.072431,3.308272,8.441217,180,0,FALSE,,,0,13.05,0,0,0
60.4,032_04Jul2026_1554,-1.952652,1.778311,-0.985899,Plane,1.604797,None,Plane,3.544112,3.072431,3.308272,6.222897,180,0,FALSE,,,0,10.98,0,0,0
60.5,032_04Jul2026_1554,-1.94993,1.77966,-0.9846197,Plane,1.704407,None,Plane,3.520605,3.072431,3.296518,32.25627,180,0,FALSE,,,0,12.15,0,0,0
60.6,032_04Jul2026_1554,-1.951187,1.780804,-0.9860126,Plane,1.804237,None,Plane,3.520605,3.072431,3.296518,9.742209,180,0,FALSE,,,0,13.68,0,0,0
60.7,032_04Jul2026_1554,-1.956204,1.781304,-0.9902051,Plane,1.904251,None,Plane,3.520605,3.045439,3.283021,16.90612,180,0,FALSE,,,0,14.09,0,0,0
60.8,032_04Jul2026_1554,-1.963921,1.78085,-0.9964147,Plane,2.004379,None,Plane,3.520605,3.045439,3.283021,33.6568,180,0,FALSE,,,0,15.18,0,0,0
60.9,032_04Jul2026_1554,-1.973619,1.780502,-1.005985,Plane,2.104671,None,Plane,3.520605,3.045439,3.283021,96.47356,180,0,FALSE,,,0,18.06,0,0,0
61,032_04Jul2026_1554,-1.984959,1.78157,-1.018478,Plane,2.204494,None,Plane,3.520605,3.045439,3.283021,42.38184,180,0,FALSE,,,0,19.81,0,0,0
61.1,032_04Jul2026_1554,-1.993742,1.780743,-1.03147,Plane,2.304298,None,Plane,3.520605,3.045439,3.283021,56.41219,180,0,FALSE,,,0,19.94,0,0,0
61.2,032_04Jul2026_1554,-1.999576,1.780943,-1.041128,Plane,2.404346,None,Plane,3.686628,3.045439,3.366034,62.72527,180,0,FALSE,,,0,15.85,0,0,0
61.3,032_04Jul2026_1554,-2.002606,1.781376,-1.047115,Plane,2.504425,None,Plane,3.686628,3.045439,3.366034,15.36526,180,0,FALSE,,,0,14.27,0,0,0
61.4,032_04Jul2026_1554,-2.003487,1.780884,-1.047997,Plane,2.604206,None,Plane,3.686628,3.045439,3.366034,9.061569,180,0,FALSE,,,0,14.04,0,0,0
61.5,032_04Jul2026_1554,-2.001532,1.778819,-1.043659,Plane,2.697823,None,Plane,3.686628,3.045439,3.366034,21.53738,180,0,FALSE,,,0,13.76,0,0,0
61.6,032_04Jul2026_1554,-1.996771,1.776811,-1.035348,Plane,2.797867,None,Plane,3.686628,3.045439,3.366034,33.41275,180,0,FALSE,,,0,13.51,0,0,0
61.7,032_04Jul2026_1554,-1.990622,1.778128,-1.025501,Plane,2.8974,None,Plane,3.686628,3.140524,3.413576,48.71634,180,0,FALSE,,,0,14.52,0,0,0
61.8,032_04Jul2026_1554,-1.98411,1.779084,-1.016524,Plane,2.997578,None,Plane,3.686628,3.140524,3.413576,37.09085,180,0,FALSE,,,0,15.97,0,0,0
61.9,032_04Jul2026_1554,-1.978031,1.778981,-1.009904,Plane,3.097431,None,Plane,3.686628,3.140524,3.413576,15.6477,180,0,FALSE,,,0,13.8,0,0,0
62,032_04Jul2026_1554,-1.973144,1.778785,-1.005432,Plane,3.199711,None,Plane,3.686628,3.140524,3.413576,4.16628,180,0,FALSE,,,0,13.52,0,0,0
62.1,032_04Jul2026_1554,-1.968852,1.77751,-1.002666,Plane,3.297928,None,Plane,3.686628,3.140524,3.413576,1.438388,180,0,FALSE,,,0,13.13,0,0,0
62.2,032_04Jul2026_1554,-1.966872,1.77937,-1.002173,Plane,3.397717,None,Plane,3.40419,3.140524,3.272357,4.864028,180,0,FALSE,,,0,13.57,0,0,0
62.3,032_04Jul2026_1554,-1.96677,1.780824,-1.00285,Plane,3.497623,None,Plane,3.40419,3.140524,3.272357,3.307386,180,0,FALSE,,,0,12.61,0,0,0
62.4,032_04Jul2026_1554,-1.96893,1.780331,-1.00546,Plane,3.597576,None,Plane,3.40419,3.140524,3.272357,10.2823,180,0,FALSE,,,0,11.86,0,0,0
62.5,032_04Jul2026_1554,-1.971593,1.779164,-1.008256,Plane,3.697636,None,Plane,3.40419,3.140524,3.272357,14.21044,180,0,FALSE,,,0,12.04,0,0,0
62.6,032_04Jul2026_1554,-1.972955,1.777755,-1.009499,Plane,3.797867,None,Plane,3.40419,3.140524,3.272357,2.301678,180,0,FALSE,,,0,12.72,0,0,0
62.7,032_04Jul2026_1554,-1.973678,1.782555,-1.00996,Plane,3.897968,None,Plane,3.40419,3.052812,3.228501,11.58097,180,0,FALSE,,,0,15.22,0,0,0
62.8,032_04Jul2026_1554,-1.974076,1.7867,-1.012964,Plane,3.997795,None,Plane,3.40419,3.052812,3.228501,26.84872,180,0,FALSE,,,0,18.24,0,0,0
62.9,032_04Jul2026_1554,-1.973838,1.790702,-1.017081,Plane,4.097797,None,Plane,3.40419,3.052812,3.228501,32.77978,180,0,FALSE,,,0,15.33,0,0,0
63,032_04Jul2026_1554,-1.971627,1.79623,-1.02101,Plane,4.197659,None,Plane,3.40419,3.052812,3.228501,3.560271,180,0,FALSE,,,0,14.2,0,0,0
63.1,032_04Jul2026_1554,-1.968285,1.803078,-1.026015,Plane,4.297752,None,Plane,3.40419,3.052812,3.228501,5.624897,180,0,FALSE,,,0,14.71,0,0,0
63.2,032_04Jul2026_1554,-1.96569,1.809367,-1.033058,Plane,4.397617,None,Plane,3.40419,3.052812,3.228501,10.56417,180,0,FALSE,,,0,17.84,0,0,0
63.3,032_04Jul2026_1554,-1.963794,1.815787,-1.042835,Plane,4.497665,None,Plane,3.607027,3.052812,3.329919,13.50387,180,0,FALSE,,,0,19.78,0,0,0
63.4,032_04Jul2026_1554,-1.961987,1.820916,-1.051095,Plane,4.599915,None,Plane,3.607027,3.052812,3.329919,10.07183,180,0,FALSE,,,0,18.97,0,0,0
63.5,032_04Jul2026_1554,-1.959541,1.820361,-1.054526,Plane,4.699928,None,Plane,3.607027,3.052812,3.329919,13.84325,180,0,FALSE,,,0,16.31,0,0,0
63.6,032_04Jul2026_1554,-1.961827,1.81892,-1.056748,Plane,4.799786,None,Plane,3.607027,3.052812,3.329919,4.900888,180,0,FALSE,,,0,17.15,0,0,0
63.7,032_04Jul2026_1554,-1.964507,1.816938,-1.058677,Plane,4.899857,None,Plane,3.607027,3.104183,3.355605,5.207759,180,0,FALSE,,,0,16.36,0,0,0
63.8,032_04Jul2026_1554,-1.965373,1.809073,-1.05211,Plane,4.999992,None,Plane,3.607027,3.104183,3.355605,18.03029,180,0,FALSE,,,0,13.79,0,0,0
63.9,032_04Jul2026_1554,-1.965037,1.798622,-1.04429,Plane,5.099987,None,Plane,3.607027,3.104183,3.355605,23.29146,180,0,FALSE,,,0,10.87,0,0,0
64,032_04Jul2026_1554,-1.966254,1.791127,-1.038199,Plane,5.200054,None,Plane,3.607027,3.104183,3.355605,6.439412,180,0,FALSE,,,0,9.26,0,0,0
64.1,032_04Jul2026_1554,-1.965802,1.78582,-1.036561,Plane,5.303154,None,Plane,-1,-1,-1,1062.998,180,0,TRUE,,,0,11.74,0,0,0
64.2,032_04Jul2026_1554,-1.969228,1.781984,-1.041005,Plane,5.403114,None,Plane,-1,-1,-1,1116.308,180,0,TRUE,,,0,24.93,0,0,0
64.3,032_04Jul2026_1554,-1.975357,1.779128,-1.048836,Plane,5.503014,None,Plane,3.607027,3.104183,3.355605,1405.01,180,0,FALSE,,,0,9.77,0,0,0
64.4,032_04Jul2026_1554,-1.980479,1.777412,-1.055793,Plane,5.602974,None,Plane,3.607027,3.104183,3.355605,17.73696,180,0,FALSE,,,0,10.11,0,0,0
64.5,032_04Jul2026_1554,-1.984516,1.774503,-1.061156,Plane,5.703354,None,Plane,3.607027,3.104183,3.355605,10.18148,180,0,FALSE,,,0,9.98,0,0,0
64.6,032_04Jul2026_1554,-1.989033,1.776213,-1.065121,Plane,5.803162,None,Plane,3.607027,3.104183,3.355605,26.66293,180,0,FALSE,,,0,10.93,0,0,0
64.7,032_04Jul2026_1554,-1.991126,1.773932,-1.069799,Plane,5.903252,None,Plane,3.607027,3.104183,3.355605,27.79987,180,0,FALSE,,,0,12.21,0,0,0
64.8,032_04Jul2026_1554,-1.993851,1.773228,-1.074661,Plane,6.003181,None,Plane,3.422288,3.104183,3.263236,11.10373,180,0,FALSE,,,0,12.16,0,0,0
64.9,032_04Jul2026_1554,-1.994429,1.773042,-1.076298,Plane,6.103104,None,Plane,3.422288,3.104183,3.263236,1.919464,180,0,FALSE,,,0,11.85,0,0,0
65,032_04Jul2026_1554,-1.992834,1.77388,-1.072806,Plane,6.202972,None,Plane,3.422288,3.016088,3.219188,19.8311,180,0,FALSE,,,0,11.91,0,0,0
65.1,032_04Jul2026_1554,-1.989691,1.77432,-1.065693,Plane,6.305092,None,Plane,3.422288,3.016088,3.219188,27.95535,180,0,FALSE,,,0,12.03,0,0,0
65.2,032_04Jul2026_1554,-1.984546,1.774518,-1.055264,Plane,6.403168,None,Plane,3.422288,3.016088,3.219188,100.0452,180,0,FALSE,,,0,11.85,0,0,0
65.3,032_04Jul2026_1554,-1.97733,1.773713,-1.043625,Plane,6.503159,None,Plane,3.422288,3.016088,3.219188,61.47799,180,0,FALSE,,,0,10.85,0,0,0
65.4,032_04Jul2026_1554,-1.970078,1.772567,-1.033207,Plane,6.603157,None,Plane,3.422288,3.016088,3.219188,8.939569,180,0,FALSE,,,0,8.58,0,0,0
65.5,032_04Jul2026_1554,-1.964054,1.771667,-1.025676,Plane,6.707199,None,Plane,3.521374,3.016088,3.268731,88.93172,180,0,FALSE,,,0,10.97,0,0,0
65.6,032_04Jul2026_1554,-1.960617,1.772299,-1.021182,Plane,6.807388,None,Plane,3.521374,3.016088,3.268731,18.77831,180,0,FALSE,,,0,11.03,0,0,0
65.7,032_04Jul2026_1554,-1.96034,1.773235,-1.019415,Plane,6.907211,None,Plane,3.521374,3.016088,3.268731,6.001139,180,0,FALSE,,,0,11.17,0,0,0
65.8,032_04Jul2026_1554,-1.963348,1.772297,-1.020187,Plane,7.007568,None,Plane,3.521374,3.016088,3.268731,20.80544,180,0,FALSE,,,0,10.59,0,0,0
65.9,032_04Jul2026_1554,-1.969047,1.770768,-1.022857,Plane,7.107513,None,Plane,3.521374,3.016088,3.268731,105.6579,180,0,FALSE,,,0,6.17,0,0,0
66,032_04Jul2026_1554,-1.975919,1.768737,-1.027572,Plane,7.207146,None,Plane,3.521374,3.007704,3.264539,45.57423,180,0,FALSE,,,0,5.6,0,0,0
66.1,032_04Jul2026_1554,-1.983941,1.76851,-1.035144,Plane,7.307297,None,Plane,3.521374,3.007704,3.264539,38.36826,180,0,FALSE,,,0,5.42,0,0,0
66.2,032_04Jul2026_1554,-1.993408,1.768144,-1.047115,Plane,7.407547,None,Plane,3.521374,3.007704,3.264539,126.2431,180,0,FALSE,,,0,7.57,0,0,0
66.3,032_04Jul2026_1554,-2.004058,1.76965,-1.063471,Plane,7.50766,None,Plane,3.521374,3.007704,3.264539,65.73042,180,0,FALSE,,,0,10.74,0,0,0
66.4,032_04Jul2026_1554,-2.013355,1.76974,-1.080888,Plane,7.607483,None,Plane,3.521374,3.007704,3.264539,19.27379,180,0,FALSE,,,0,17.43,0,0,0
66.5,032_04Jul2026_1554,-2.018998,1.767729,-1.095273,Plane,7.707466,None,Plane,3.577059,3.007704,3.292381,162.6274,180,0,FALSE,,,0,12.07,0,0,0
66.6,032_04Jul2026_1554,-2.021205,1.76698,-1.104616,Plane,7.807343,None,Plane,3.577059,3.007704,3.292381,52.25816,180,0,FALSE,,,0,11.13,0,0,0
66.7,032_04Jul2026_1554,-2.02269,1.76884,-1.111284,Plane,7.907532,None,Plane,3.577059,3.007704,3.292381,15.08049,180,0,FALSE,,,0,10.8,0,0,0
66.8,032_04Jul2026_1554,-2.025376,1.770104,-1.116183,Plane,8.007332,None,Plane,3.577059,3.007704,3.292381,0.9297326,180,0,FALSE,,,0,10.73,0,0,0
66.9,032_04Jul2026_1554,-2.02762,1.766263,-1.118613,Plane,8.107719,None,Plane,3.577059,3.007704,3.292381,12.7955,180,0,FALSE,,,0,9.4,0,0,0
67,032_04Jul2026_1554,-2.027682,1.764594,-1.120582,Plane,8.207451,None,Plane,3.577059,3.094089,3.335574,11.54411,180,0,FALSE,,,0,8.69,0,0,0
67.1,032_04Jul2026_1554,-2.025763,1.765127,-1.120663,Plane,8.307343,None,Plane,3.577059,3.094089,3.335574,10.10395,180,0,FALSE,,,0,8.79,0,0,0
67.2,032_04Jul2026_1554,-2.023487,1.765521,-1.118144,Plane,8.407303,None,Plane,-1,3.094089,1.047045,817.7698,180,0,TRUE,,,0,31.65,0,0,0
67.3,032_04Jul2026_1554,-2.02092,1.766608,-1.116231,Plane,8.507484,None,Plane,-1,-1,-1,1155.882,180,0,TRUE,,,0,9.24,0,0,0
67.4,032_04Jul2026_1554,-2.020261,1.768647,-1.114352,Plane,8.600868,None,Plane,3.577059,3.094089,3.335574,1030.154,180,0,FALSE,,,0,13.76,0,0,0
67.5,032_04Jul2026_1554,-2.020252,1.76417,-1.109446,Plane,8.701195,None,Plane,3.577059,3.094089,3.335574,39.82955,180,0,FALSE,,,0,9.18,0,0,0
67.6,032_04Jul2026_1554,-2.018848,1.76068,-1.104442,Plane,8.80085,None,Plane,3.542447,3.094089,3.318268,25.4266,180,0,FALSE,,,0,7.6,0,0,0
67.7,032_04Jul2026_1554,-2.015994,1.761477,-1.10212,Plane,8.90078,None,Plane,3.542447,3.094089,3.318268,5.421443,180,0,FALSE,,,0,7.39,0,0,0
67.8,032_04Jul2026_1554,-2.013027,1.762495,-1.101038,Plane,9.00061,None,Plane,3.542447,3.094089,3.318268,10.59564,180,0,FALSE,,,0,7.82,0,0,0
67.9,032_04Jul2026_1554,-2.010958,1.76318,-1.100996,Plane,9.100868,None,Plane,3.542447,3.094089,3.318268,19.06805,180,0,FALSE,,,0,9.21,0,0,0
68,032_04Jul2026_1554,-2.010407,1.763726,-1.102843,Plane,9.202438,None,Plane,3.542447,3.077132,3.309789,8.474051,180,0,FALSE,,,0,9.45,0,0,0
68.1,032_04Jul2026_1554,-2.009918,1.760384,-1.105656,Plane,9.300697,None,Plane,3.542447,3.077132,3.309789,10.0746,180,0,FALSE,,,0,8.94,0,0,0
68.2,032_04Jul2026_1554,-2.008591,1.758985,-1.110021,Plane,9.400909,None,Plane,3.542447,3.077132,3.309789,11.73375,180,0,FALSE,,,0,8.81,0,0,0
68.3,032_04Jul2026_1554,-2.006757,1.761527,-1.114119,Plane,9.500793,None,Plane,3.542447,3.077132,3.309789,14.78955,180,0,FALSE,,,0,9.34,0,0,0
68.4,032_04Jul2026_1554,-2.005835,1.763494,-1.116782,Plane,9.600662,None,Plane,3.542447,3.077132,3.309789,35.16516,180,0,FALSE,,,0,11.88,0,0,0
68.5,032_04Jul2026_1554,-2.005987,1.762922,-1.119303,Plane,9.700836,None,Plane,3.542447,3.077132,3.309789,7.161246,180,0,FALSE,,,0,11.95,0,0,0
68.6,032_04Jul2026_1554,-2.006886,1.761805,-1.122286,Plane,9.80088,None,Plane,3.57654,3.077132,3.326836,6.401304,180,0,FALSE,,,0,11.74,0,0,0
68.7,032_04Jul2026_1554,-2.00782,1.760787,-1.124052,Plane,9.900925,None,Plane,3.57654,3.077132,3.326836,2.413676,180,0,FALSE,,,0,11.62,0,0,0
68.8,032_04Jul2026_1554,-2.008537,1.760459,-1.124069,Plane,10.00063,None,Plane,3.57654,3.077132,3.326836,4.152248,180,0,FALSE,,,0,11.45,0,0,0
68.9,032_04Jul2026_1554,-2.008817,1.760958,-1.123268,Plane,10.10104,None,Plane,3.57654,3.077132,3.326836,36.98775,180,0,FALSE,,,0,29.42,0,0,0
69,032_04Jul2026_1554,-2.00858,1.76165,-1.122875,None,0,Plane,None,3.57654,3.102736,3.339638,51.79079,180,0,FALSE,None,None,,,,,
69.1,032_04Jul2026_1554,-2.008236,1.762769,-1.123753,None,0.0998764,Plane,None,3.57654,3.102736,3.339638,25.96805,180,0,FALSE,None,None,,,,,
69.2,032_04Jul2026_1554,-2.007822,1.763778,-1.12469,Plane,0,None,Plane,3.57654,3.102736,3.339638,7.147298,180,0,FALSE,,,0,29.8,0,0,0
69.3,032_04Jul2026_1554,-2.007599,1.764609,-1.125867,Plane,0.1001434,None,Plane,3.661094,3.102736,3.381915,3.028235,180,0,FALSE,,,0,25.39,0,0,0
69.4,032_04Jul2026_1554,-2.00751,1.764952,-1.126812,Plane,0.200386,None,Plane,3.661094,3.102736,3.381915,3.976392,180,0,FALSE,,,0,21.88,0,0,0
69.5,032_04Jul2026_1554,-2.007752,1.764521,-1.127386,Plane,0.2998734,None,Plane,3.661094,3.102736,3.381915,4.37907,180,0,FALSE,,,0,19.11,0,0,0
69.6,032_04Jul2026_1554,-2.008308,1.763865,-1.127638,Plane,0.4001312,None,Plane,3.661094,3.102736,3.381915,4.218114,180,0,FALSE,,,0,16.97,0,0,0
69.7,032_04Jul2026_1554,-2.008731,1.762771,-1.128443,Plane,0.4999008,None,Plane,3.661094,3.102736,3.381915,5.00831,180,0,FALSE,,,0,15.26,0,0,0
69.8,032_04Jul2026_1554,-2.008873,1.762119,-1.12969,Plane,0.6000595,None,Plane,3.661094,3.239372,3.450233,3.160164,180,0,FALSE,,,0,14.67,0,0,0
69.9,032_04Jul2026_1554,-2.00863,1.76152,-1.130719,Plane,0.7002792,None,Plane,3.661094,3.239372,3.450233,25.54408,180,0,FALSE,,,0,12.74,0,0,0
70,032_04Jul2026_1554,-2.008077,1.761813,-1.131768,Plane,0.8000259,None,Plane,3.661094,3.239372,3.450233,10.32261,180,0,FALSE,,,0,12.38,0,0,0
70.1,032_04Jul2026_1554,-2.007522,1.761795,-1.132905,Plane,0.9001465,None,Plane,3.661094,3.239372,3.450233,5.171319,180,0,FALSE,,,0,12.22,0,0,0
70.2,032_04Jul2026_1554,-2.006908,1.761416,-1.134137,Plane,1.000137,None,Plane,3.661094,3.239372,3.450233,8.486533,180,0,FALSE,,,0,11.46,0,0,0
70.3,032_04Jul2026_1554,-2.006042,1.761238,-1.135076,Plane,1.100204,None,Plane,3.746433,3.239372,3.492902,11.92409,180,0,FALSE,,,0,10.99,0,0,0
70.4,032_04Jul2026_1554,-2.005078,1.761291,-1.135467,Plane,1.19976,None,Plane,3.746433,3.239372,3.492902,3.582224,180,0,FALSE,,,0,11.06,0,0,0
70.5,032_04Jul2026_1554,-2.004024,1.761548,-1.135957,Plane,1.300117,None,Plane,3.746433,3.239372,3.492902,1.33693,180,0,FALSE,,,0,10.97,0,0,0
70.6,032_04Jul2026_1554,-2.003036,1.761603,-1.137165,Plane,1.400085,None,Plane,3.746433,3.239372,3.492902,2.075456,180,0,FALSE,,,0,11.01,0,0,0
70.7,032_04Jul2026_1554,-2.002314,1.762341,-1.139712,Plane,1.500168,None,Plane,3.746433,3.239372,3.492902,7.262561,180,0,FALSE,,,0,11.27,0,0,0
70.8,032_04Jul2026_1554,-2.002161,1.763344,-1.145408,Plane,1.599831,None,Plane,3.746433,3.035375,3.390903,17.3242,180,0,FALSE,,,0,11.47,0,0,0
70.9,032_04Jul2026_1554,-2.002782,1.764997,-1.156174,Plane,1.700119,None,Plane,3.746433,3.035375,3.390903,31.73755,180,0,FALSE,,,0,11.88,0,0,0
71,032_04Jul2026_1554,-2.00335,1.765487,-1.170407,Plane,1.800148,None,Plane,3.746433,3.035375,3.390903,13.14392,180,0,FALSE,,,0,11.44,0,0,0
71.1,032_04Jul2026_1554,-2.002974,1.765814,-1.186827,Plane,1.902054,None,Plane,3.746433,3.035375,3.390903,10.6593,180,0,FALSE,,,0,14.73,0,0,0
71.2,032_04Jul2026_1554,-2.000134,1.764888,-1.203057,Plane,2.000221,None,Plane,3.746433,3.035375,3.390903,172.924,180,0,FALSE,,,0,5.06,0,0,0
71.3,032_04Jul2026_1554,-1.99582,1.764282,-1.217051,Plane,2.101654,None,Plane,3.612085,3.035375,3.32373,85.67073,180,0,FALSE,,,0,4.41,0,0,0
71.4,032_04Jul2026_1554,-1.991172,1.765247,-1.228381,Plane,2.200386,None,Plane,3.612085,3.035375,3.32373,19.05441,180,0,FALSE,,,0,4.61,0,0,0
71.5,032_04Jul2026_1554,-1.986492,1.767705,-1.237357,Plane,2.293571,None,Plane,3.612085,3.035375,3.32373,32.31508,180,0,FALSE,,,0,5.01,0,0,0
71.6,032_04Jul2026_1554,-1.980998,1.769669,-1.245629,Plane,2.396667,None,Plane,3.612085,3.035375,3.32373,121.8738,180,0,FALSE,,,0,7.47,0,0,0
71.7,032_04Jul2026_1554,-1.976644,1.770578,-1.250802,Plane,2.49353,None,Plane,3.612085,3.035375,3.32373,27.99561,180,0,FALSE,,,0,8.34,0,0,0
71.8,032_04Jul2026_1554,-1.973419,1.771722,-1.253479,Plane,2.593361,None,Plane,3.612085,2.731841,3.171963,22.03001,180,0,FALSE,,,0,10.58,0,0,0
71.9,032_04Jul2026_1554,-1.971509,1.772753,-1.253731,Plane,2.693855,None,Plane,-1,2.731841,0.8659204,498.1006,180,0,TRUE,,,0,15.55,0,0,0
72,032_04Jul2026_1554,-1.971623,1.773719,-1.251751,Plane,2.793404,None,Plane,3.612085,2.731841,3.171963,475.3056,180,0,FALSE,,,0,8.1,0,0,0
72.1,032_04Jul2026_1554,-1.973771,1.774761,-1.247977,Plane,2.893723,None,Plane,3.612085,2.731841,3.171963,22.28876,180,0,FALSE,,,0,6.8,0,0,0
72.2,032_04Jul2026_1554,-1.977153,1.774844,-1.243999,Plane,2.993736,None,Plane,3.612085,2.731841,3.171963,16.80514,180,0,FALSE,,,0,6.1,0,0,0
72.3,032_04Jul2026_1554,-1.981288,1.775104,-1.240102,Plane,3.09359,None,Plane,3.622839,2.731841,3.17734,15.08181,180,0,FALSE,,,0,5.77,0,0,0
72.4,032_04Jul2026_1554,-1.988063,1.776554,-1.235353,Plane,3.193382,None,Plane,3.622839,2.731841,3.17734,20.97287,180,0,FALSE,,,0,5.68,0,0,0
72.5,032_04Jul2026_1554,-1.99316,1.775981,-1.22802,Plane,3.293526,None,Plane,3.622839,2.731841,3.17734,75.01908,180,0,FALSE,,,0,4.68,0,0,0
72.6,032_04Jul2026_1554,-1.996903,1.777062,-1.219976,Plane,3.393372,None,Plane,3.622839,2.731841,3.17734,115.1404,180,0,FALSE,,,0,2.97,0,0,0
72.7,032_04Jul2026_1554,-1.999461,1.776828,-1.212615,Plane,3.49337,None,Plane,3.622839,2.731841,3.17734,17.98881,180,0,FALSE,,,0,3,0,0,0
72.8,032_04Jul2026_1554,-2.000605,1.776257,-1.206509,Plane,3.59758,None,Plane,3.622839,3.38665,3.504745,23.78618,180,0,FALSE,,,0,3.22,0,0,0
72.9,032_04Jul2026_1554,-2.000407,1.776424,-1.202542,Plane,3.697601,None,Plane,3.622839,3.38665,3.504745,11.81919,180,0,FALSE,,,0,3.28,0,0,0
73,032_04Jul2026_1554,-1.999645,1.775914,-1.200064,Plane,3.797531,None,Plane,3.622839,3.38665,3.504745,8.0047,180,0,FALSE,,,0,3.28,0,0,0
73.1,032_04Jul2026_1554,-1.998807,1.775932,-1.200123,Plane,3.897659,None,Plane,-1,3.38665,1.193325,514.9124,180,0,TRUE,,,0,3.73,0,0,0
73.2,032_04Jul2026_1554,-1.997263,1.775335,-1.203494,Plane,3.997963,None,Plane,-1,3.38665,1.193325,847.6002,180,0,TRUE,,,0,3.56,0,0,0
73.3,032_04Jul2026_1554,-1.995427,1.773992,-1.208185,Plane,4.097893,None,Plane,3.775637,3.38665,3.581143,391.3983,180,0,FALSE,,,0,4.23,0,0,0
73.4,032_04Jul2026_1554,-1.993727,1.772982,-1.212753,Plane,4.197632,None,Plane,3.775637,3.38665,3.581143,22.6245,180,0,FALSE,,,0,5.16,0,0,0
73.5,032_04Jul2026_1554,-1.992709,1.7718,-1.21598,Plane,4.297623,None,Plane,3.775637,3.38665,3.581143,31.13858,180,0,FALSE,,,0,6.97,0,0,0
73.6,032_04Jul2026_1554,-1.99169,1.771249,-1.219062,Plane,4.39782,None,Plane,3.775637,3.168,3.471819,23.97281,180,0,FALSE,,,0,8.44,0,0,0
73.7,032_04Jul2026_1554,-1.989685,1.771224,-1.223629,Plane,4.497864,None,Plane,3.775637,3.168,3.471819,17.61806,180,0,FALSE,,,0,9.28,0,0,0
73.8,032_04Jul2026_1554,-1.987734,1.770552,-1.22821,Plane,4.597389,None,Plane,3.775637,3.168,3.471819,26.13307,180,0,FALSE,,,0,10.57,0,0,0
73.9,032_04Jul2026_1554,-1.986677,1.770394,-1.231258,Plane,4.697617,None,Plane,3.775637,3.168,3.471819,38.73864,180,0,FALSE,,,0,12.69,0,0,0
74,032_04Jul2026_1554,-1.986202,1.770593,-1.232301,Plane,4.797432,None,Plane,3.775637,3.168,3.471819,14.33592,180,0,FALSE,,,0,13.77,0,0,0
74.1,032_04Jul2026_1554,-1.986557,1.771152,-1.232978,Plane,4.897598,None,Plane,3.312305,3.168,3.240153,10.39446,180,0,FALSE,,,0,14.9,0,0,0
74.2,032_04Jul2026_1554,-1.987075,1.771333,-1.234169,Plane,4.999413,None,Plane,3.312305,3.168,3.240153,8.139755,180,0,FALSE,,,0,14.6,0,0,0
74.3,032_04Jul2026_1554,-1.987455,1.771288,-1.235452,Plane,5.097862,None,Plane,3.312305,3.168,3.240153,17.90567,180,0,FALSE,,,0,13.44,0,0,0
74.4,032_04Jul2026_1554,-1.987869,1.77149,-1.235727,Plane,5.199905,None,Plane,3.312305,3.168,3.240153,5.870573,180,0,FALSE,,,0,13.12,0,0,0
74.5,032_04Jul2026_1554,-1.98794,1.771692,-1.23553,Plane,5.297455,None,Plane,3.312305,3.168,3.240153,1.07308,180,0,FALSE,,,0,13.11,0,0,0
74.6,032_04Jul2026_1554,-1.986744,1.772425,-1.237015,Plane,5.400063,None,Plane,3.312305,3.066102,3.189204,21.87927,180,0,FALSE,,,0,14.16,0,0,0
74.7,032_04Jul2026_1554,-1.985011,1.772628,-1.239937,Plane,5.503242,None,Plane,3.312305,3.066102,3.189204,0.6062929,180,0,FALSE,,,0,14.64,0,0,0
74.8,032_04Jul2026_1554,-1.982745,1.772417,-1.243302,Plane,5.605019,None,Plane,3.312305,3.066102,3.189204,5.251638,180,0,FALSE,,,0,15.11,0,0,0
74.9,032_04Jul2026_1554,-1.979213,1.772978,-1.247009,Plane,5.702789,None,Plane,3.312305,3.066102,3.189204,107.172,180,0,FALSE,,,0,13.69,0,0,0
75,032_04Jul2026_1554,-1.973476,1.7737,-1.252384,Plane,5.808167,None,Plane,3.312305,3.066102,3.189204,36.28117,180,0,FALSE,,,0,13.53,0,0,0
75.1,032_04Jul2026_1554,-1.966298,1.772855,-1.258923,Plane,5.904831,None,Plane,3.494871,3.066102,3.280487,26.15888,180,0,FALSE,,,0,13.35,0,0,0
75.2,032_04Jul2026_1554,-1.959275,1.770382,-1.265437,Plane,6.004692,None,Plane,3.494871,3.066102,3.280487,54.07913,180,0,FALSE,,,0,11.21,0,0,0
75.3,032_04Jul2026_1554,-1.953055,1.769372,-1.271672,Plane,6.103081,None,Plane,3.494871,3.066102,3.280487,36.70603,180,0,FALSE,,,0,11.61,0,0,0
75.4,032_04Jul2026_1554,-1.947435,1.769199,-1.277471,Plane,6.203148,None,Plane,3.494871,3.066102,3.280487,22.51303,180,0,FALSE,,,0,11.78,0,0,0
75.5,032_04Jul2026_1554,-1.941394,1.766251,-1.282688,Plane,6.30323,None,Plane,3.494871,3.066102,3.280487,19.6749,180,0,FALSE,,,0,10.96,0,0,0
75.6,032_04Jul2026_1554,-1.93806,1.763798,-1.285896,Plane,6.40313,None,Plane,3.494871,2.999657,3.247264,10.76648,180,0,FALSE,,,0,10.3,0,0,0
75.7,032_04Jul2026_1554,-1.93549,1.762664,-1.287608,Plane,6.503036,None,Plane,3.494871,2.999657,3.247264,29.34043,180,0,FALSE,,,0,8.04,0,0,0
75.8,032_04Jul2026_1554,-1.933274,1.762923,-1.288677,Plane,6.602768,None,Plane,3.494871,2.999657,3.247264,9.002925,180,0,FALSE,,,0,7.61,0,0,0
75.9,032_04Jul2026_1554,-1.930942,1.762816,-1.289634,Plane,6.703178,None,Plane,3.494871,2.999657,3.247264,7.037636,180,0,FALSE,,,0,7.39,0,0,0
76,032_04Jul2026_1554,-1.928072,1.762644,-1.290426,Plane,6.803047,None,Plane,3.494871,2.999657,3.247264,31.00556,180,0,FALSE,,,0,8.99,0,0,0
76.1,032_04Jul2026_1554,-1.926025,1.762805,-1.289801,Plane,6.903191,None,Plane,3.413693,2.999657,3.206675,12.73049,180,0,FALSE,,,0,9.63,0,0,0
76.2,032_04Jul2026_1554,-1.926393,1.76355,-1.287888,Plane,7.003044,None,Plane,3.413693,2.999657,3.206675,9.237379,180,0,FALSE,,,0,10.57,0,0,0
76.3,032_04Jul2026_1554,-1.928519,1.763592,-1.285234,Plane,7.102783,None,Plane,3.413693,2.999657,3.206675,14.72847,180,0,FALSE,,,0,11.29,0,0,0
76.4,032_04Jul2026_1554,-1.931645,1.763922,-1.282927,Plane,7.203049,None,Plane,3.413693,2.999657,3.206675,16.01342,180,0,FALSE,,,0,12.21,0,0,0
76.5,032_04Jul2026_1554,-1.936629,1.763658,-1.27963,Plane,7.303558,None,Plane,3.413693,2.999657,3.206675,15.72274,180,0,FALSE,,,0,12.39,0,0,0
76.6,032_04Jul2026_1554,-1.941268,1.763585,-1.276659,Plane,7.403244,None,Plane,3.413693,2.927266,3.17048,14.50333,180,0,FALSE,,,0,12.36,0,0,0
76.7,032_04Jul2026_1554,-1.944202,1.763197,-1.274443,Plane,7.503448,None,Plane,3.413693,2.927266,3.17048,24.12419,180,0,FALSE,,,0,10.55,0,0,0
76.8,032_04Jul2026_1554,-1.945684,1.762588,-1.273242,Plane,7.603119,None,Plane,3.413693,2.927266,3.17048,9.804188,180,0,FALSE,,,0,9.74,0,0,0
76.9,032_04Jul2026_1554,-1.946594,1.762133,-1.27261,Plane,7.703217,None,Plane,3.413693,2.927266,3.17048,14.35003,180,0,FALSE,,,0,9.07,0,0,0
77,032_04Jul2026_1554,-1.948225,1.761373,-1.271599,Plane,7.794418,None,Plane,3.413693,2.927266,3.17048,64.69937,180,0,FALSE,,,0,5.97,0,0,0
77.1,032_04Jul2026_1554,-1.949946,1.760564,-1.270932,Plane,7.894524,None,Plane,3.515449,2.927266,3.221358,19.2499,180,0,FALSE,,,0,5.41,0,0,0
77.2,032_04Jul2026_1554,-1.948993,1.759987,-1.271673,Plane,7.99427,None,Plane,3.515449,2.927266,3.221358,9.342488,180,0,FALSE,,,0,5.21,0,0,0
77.3,032_04Jul2026_1554,-1.946153,1.760193,-1.274006,Plane,8.094246,None,Plane,3.515449,2.927266,3.221358,15.0517,180,0,FALSE,,,0,5.12,0,0,0
77.4,032_04Jul2026_1554,-1.94282,1.760078,-1.276292,Plane,8.194099,None,Plane,3.515449,2.927266,3.221358,30.66393,180,0,FALSE,,,0,4.74,0,0,0
77.5,032_04Jul2026_1554,-1.939483,1.760775,-1.27818,Plane,8.294121,None,Plane,3.515449,2.927266,3.221358,11.03168,180,0,FALSE,,,0,4.73,0,0,0
77.6,032_04Jul2026_1554,-1.935832,1.761537,-1.279664,Plane,8.394157,None,Plane,3.515449,2.927266,3.221358,9.130969,180,0,FALSE,,,0,4.78,0,0,0
77.7,032_04Jul2026_1554,-1.932356,1.762465,-1.280564,Plane,8.494301,None,Plane,3.515449,2.914196,3.214822,100.9734,180,0,FALSE,,,0,7.88,0,0,0
77.8,032_04Jul2026_1554,-1.930433,1.76323,-1.280689,Plane,8.594246,None,Plane,3.515449,2.914196,3.214822,31.40036,180,0,FALSE,,,0,9.54,0,0,0
77.9,032_04Jul2026_1554,-1.930766,1.763374,-1.279627,Plane,8.694099,None,Plane,3.375257,2.914196,3.144726,9.703639,180,0,FALSE,,,0,10.35,0,0,0
78,032_04Jul2026_1554,-1.932749,1.762836,-1.278043,Plane,8.796089,None,Plane,3.375257,2.914196,3.144726,9.787142,180,0,FALSE,,,0,11.04,0,0,0
78.1,032_04Jul2026_1554,-1.936064,1.762211,-1.275628,Plane,8.896095,None,Plane,3.375257,2.914196,3.144726,114.8592,180,0,FALSE,,,0,14.06,0,0,0
78.2,032_04Jul2026_1554,-1.942401,1.761312,-1.271389,Plane,8.996201,None,Plane,3.375257,2.914196,3.144726,54.32256,180,0,FALSE,,,0,16.06,0,0,0
78.3,032_04Jul2026_1554,-1.951729,1.759477,-1.264914,Plane,9.096428,None,Plane,3.375257,2.914196,3.144726,39.82151,180,0,FALSE,,,0,14.84,0,0,0
78.4,032_04Jul2026_1554,-1.961878,1.756641,-1.255831,Plane,9.196335,None,Plane,3.375257,2.913415,3.144336,45.91291,180,0,FALSE,,,0,14.07,0,0,0
78.5,032_04Jul2026_1554,-1.970784,1.755152,-1.245125,Plane,9.296143,None,Plane,3.375257,2.913415,3.144336,87.96889,180,0,FALSE,,,0,23.78,0,0,0
78.6,032_04Jul2026_1554,-1.979318,1.753903,-1.231132,Plane,9.396721,None,Plane,3.375257,2.913415,3.144336,49.49372,180,0,FALSE,,,0,19.56,0,0,0
78.7,032_04Jul2026_1554,-1.987403,1.752656,-1.213097,Plane,9.497803,None,Plane,3.375257,2.913415,3.144336,17.82075,180,0,FALSE,,,0,15.07,0,0,0
78.8,032_04Jul2026_1554,-1.993421,1.753165,-1.192866,Plane,9.596222,None,Plane,3.375257,2.913415,3.144336,139.1553,180,0,FALSE,,,0,17.37,0,0,0
78.9,032_04Jul2026_1554,-1.996204,1.754097,-1.173836,Plane,9.700905,None,Plane,3.51924,2.913415,3.216328,55.39429,180,0,FALSE,,,0,15.62,0,0,0
79,032_04Jul2026_1554,-1.996211,1.755476,-1.157965,Plane,9.800674,None,Plane,3.51924,2.913415,3.216328,12.56878,180,0,FALSE,,,0,13.44,0,0,0
79.1,032_04Jul2026_1554,-1.994937,1.756607,-1.146758,Plane,9.900429,None,Plane,3.51924,2.913415,3.216328,19.73263,180,0,FALSE,,,0,11.69,0,0,0
79.2,032_04Jul2026_1554,-1.993035,1.757926,-1.139708,Plane,10.00043,None,Plane,3.51924,2.913415,3.216328,57.13112,180,0,FALSE,,,0,10.64,0,0,0
79.3,032_04Jul2026_1554,-1.991333,1.760772,-1.135265,Plane,10.10049,None,Plane,3.51924,2.913415,3.216328,13.85703,180,0,FALSE,,,0,10.3,0,0,0
79.4,032_04Jul2026_1554,-1.990382,1.763992,-1.13269,Plane,10.20052,None,Plane,3.51924,2.916891,3.218066,2.438226,180,0,FALSE,,,0,10.38,0,0,0
79.5,032_04Jul2026_1554,-1.991138,1.765775,-1.131223,Plane,10.30025,None,Plane,3.51924,2.916891,3.218066,5.345012,180,0,FALSE,,,0,9.42,0,0,0
79.6,032_04Jul2026_1554,-1.994041,1.764155,-1.130158,Plane,10.40031,None,Plane,3.51924,2.916891,3.218066,59.99163,180,0,FALSE,,,0,5.63,0,0,0
79.7,032_04Jul2026_1554,-1.997514,1.761706,-1.131998,Plane,10.50036,None,Plane,3.51924,2.916891,3.218066,26.44377,180,0,FALSE,,,0,5.05,0,0,0
79.8,032_04Jul2026_1554,-2.00022,1.76047,-1.136505,Plane,10.60009,None,Plane,3.51924,2.916891,3.218066,16.27904,180,0,FALSE,,,0,4.8,0,0,0
79.9,032_04Jul2026_1554,-2.00199,1.7607,-1.140556,Plane,10.7005,None,Plane,3.44399,2.916891,3.18044,33.48978,180,0,FALSE,,,0,5.83,0,0,0
80,032_04Jul2026_1554,-2.004059,1.759354,-1.142428,Plane,10.80017,None,Plane,3.44399,2.916891,3.18044,46.13055,180,0,FALSE,,,0,8.22,0,0,0
80.1,032_04Jul2026_1554,-2.006695,1.760393,-1.143665,Plane,10.90089,None,Plane,3.44399,2.916891,3.18044,14.81402,180,0,FALSE,,,0,9.45,0,0,0
80.2,032_04Jul2026_1554,-2.008467,1.76001,-1.144517,Plane,11.00117,None,Plane,3.44399,2.916891,3.18044,11.66994,180,0,FALSE,,,0,9.94,0,0,0
80.3,032_04Jul2026_1554,-2.008573,1.759896,-1.147804,Plane,11.10024,None,Plane,3.44399,2.916891,3.18044,2.618848,180,0,FALSE,,,0,10.31,0,0,0
80.4,032_04Jul2026_1554,-2.008576,1.761532,-1.149803,Plane,11.20103,None,Plane,3.44399,3.051114,3.247551,4.47133,180,0,FALSE,,,0,10.89,0,0,0
80.5,032_04Jul2026_1554,-2.01041,1.763008,-1.146101,Plane,11.30047,None,Plane,3.44399,3.051114,3.247551,26.04943,180,0,FALSE,,,0,12.89,0,0,0
80.6,032_04Jul2026_1554,-2.014437,1.763726,-1.138116,Plane,11.40066,None,Plane,3.44399,3.051114,3.247551,30.13189,180,0,FALSE,,,0,12.96,0,0,0
80.7,032_04Jul2026_1554,-2.017393,1.759307,-1.130659,Plane,11.50044,None,Plane,3.44399,3.051114,3.247551,25.71815,180,0,FALSE,,,0,11.42,0,0,0
80.8,032_04Jul2026_1554,-2.018165,1.757134,-1.127041,Plane,11.59431,None,Plane,3.44399,3.051114,3.247551,7.018507,180,0,FALSE,,,0,10.66,0,0,0
80.9,032_04Jul2026_1554,-2.017586,1.758493,-1.123294,Plane,11.69485,None,Plane,3.665196,3.051114,3.358155,78.07929,180,0,FALSE,,,0,17.62,0,0,0
81,032_04Jul2026_1554,-2.016174,1.760446,-1.117328,Plane,11.79403,None,Plane,3.665196,3.051114,3.358155,42.30466,180,0,FALSE,,,0,20.2,0,0,0
81.1,032_04Jul2026_1554,-2.013799,1.761783,-1.110236,Plane,11.89439,None,Plane,3.665196,3.051114,3.358155,18.41223,180,0,FALSE,,,0,19.91,0,0,0
81.2,032_04Jul2026_1554,-2.011086,1.762937,-1.105039,Plane,11.99421,None,Plane,3.665196,3.051114,3.358155,15.77745,180,0,FALSE,,,0,19.02,0,0,0
81.3,032_04Jul2026_1554,-2.009555,1.763574,-1.10172,Plane,12.09418,None,Plane,3.665196,3.051114,3.358155,5.913499,180,0,FALSE,,,0,17.35,0,0,0
81.4,032_04Jul2026_1554,-2.008794,1.763208,-1.098591,Plane,12.19389,None,Plane,3.665196,3.158569,3.411882,4.900174,180,0,FALSE,,,0,15.73,0,0,0
81.5,032_04Jul2026_1554,-2.007677,1.761646,-1.097359,Plane,12.29398,None,Plane,3.665196,3.158569,3.411882,7.908352,180,0,FALSE,,,0,13.82,0,0,0
81.6,032_04Jul2026_1554,-2.006328,1.761783,-1.098375,Plane,12.39651,None,Plane,3.665196,3.158569,3.411882,7.856272,180,0,FALSE,,,0,13.23,0,0,0
81.7,032_04Jul2026_1554,-2.004733,1.762079,-1.099526,Plane,12.49436,None,Plane,3.665196,3.158569,3.411882,7.806178,180,0,FALSE,,,0,13.81,0,0,0
81.8,032_04Jul2026_1554,-2.00332,1.762069,-1.101713,Plane,12.59477,None,Plane,3.665196,3.158569,3.411882,5.596767,180,0,FALSE,,,0,14.33,0,0,0
81.9,032_04Jul2026_1554,-2.002909,1.763069,-1.104075,Plane,12.69427,None,Plane,3.578973,3.158569,3.368771,1.978311,180,0,FALSE,,,0,14.76,0,0,0
82,032_04Jul2026_1554,-2.003187,1.76158,-1.105241,Plane,12.79411,None,Plane,3.578973,3.158569,3.368771,5.512554,180,0,FALSE,,,0,14.22,0,0,0
82.1,032_04Jul2026_1554,-2.003688,1.759062,-1.106709,Plane,12.89424,None,Plane,3.578973,3.158569,3.368771,9.278885,180,0,FALSE,,,0,12.72,0,0,0
82.2,032_04Jul2026_1554,-2.003515,1.759148,-1.109381,Plane,12.99397,None,Plane,3.578973,3.119072,3.349022,9.534321,180,0,FALSE,,,0,12.35,0,0,0
82.3,032_04Jul2026_1554,-2.00283,1.760274,-1.110478,Plane,13.09446,None,Plane,3.578973,3.119072,3.349022,3.049594,180,0,FALSE,,,0,12.78,0,0,0
82.4,032_04Jul2026_1554,-2.002254,1.762772,-1.10838,Plane,13.19442,None,Plane,3.578973,3.119072,3.349022,9.805756,180,0,FALSE,,,0,14.08,0,0,0
82.5,032_04Jul2026_1554,-2.002226,1.763378,-1.105172,Plane,13.2943,None,Plane,3.578973,3.119072,3.349022,8.70157,180,0,FALSE,,,0,13.92,0,0,0
82.6,032_04Jul2026_1554,-2.002126,1.761487,-1.104893,Plane,13.3939,None,Plane,3.578973,3.119072,3.349022,32.75895,180,0,FALSE,,,0,12.11,0,0,0
82.7,032_04Jul2026_1554,-2.001737,1.761906,-1.106352,Plane,13.49452,None,Plane,3.810375,3.119072,3.464724,20.99932,180,0,FALSE,,,0,10.28,0,0,0
82.8,032_04Jul2026_1554,-2.000414,1.762942,-1.105648,Plane,13.59821,None,Plane,3.810375,3.119072,3.464724,2.090061,180,0,FALSE,,,0,10.25,0,0,0
82.9,032_04Jul2026_1554,-1.998564,1.764279,-1.103761,Plane,13.69743,None,Plane,3.810375,3.119072,3.464724,2.819634,180,0,FALSE,,,0,10.34,0,0,0
83,032_04Jul2026_1554,-1.997365,1.766869,-1.101084,Plane,13.79765,None,Plane,3.810375,3.119072,3.464724,22.00566,180,0,FALSE,,,0,11.45,0,0,0
83.1,032_04Jul2026_1554,-1.996673,1.766464,-1.096709,Plane,13.89784,None,Plane,3.810375,3.119072,3.464724,15.58908,180,0,FALSE,,,0,11.69,0,0,0
83.2,032_04Jul2026_1554,-1.996084,1.764543,-1.092571,Plane,13.99789,None,Plane,3.810375,3.163504,3.486939,0.7657695,180,0,FALSE,,,0,10.98,0,0,0
83.3,032_04Jul2026_1554,-1.995537,1.764681,-1.090396,Plane,14.09801,None,Plane,3.810375,3.163504,3.486939,4.680263,180,0,FALSE,,,0,10.63,0,0,0
83.4,032_04Jul2026_1554,-1.994837,1.765497,-1.088036,Plane,14.19788,None,Plane,3.810375,3.163504,3.486939,11.60368,180,0,FALSE,,,0,10.9,0,0,0
83.5,032_04Jul2026_1554,-1.993848,1.766428,-1.084352,Plane,14.29771,None,Plane,3.810375,3.163504,3.486939,17.41839,180,0,FALSE,,,0,11.35,0,0,0
83.6,032_04Jul2026_1554,-1.992832,1.766415,-1.079577,Plane,14.39797,None,Plane,3.810375,3.163504,3.486939,17.92055,180,0,FALSE,,,0,11.16,0,0,0
83.7,032_04Jul2026_1554,-1.988782,1.766032,-1.069162,None,0,Plane,None,4.079495,3.163504,3.6215,164.7551,180,0,FALSE,None,None,,,,,
83.8,032_04Jul2026_1554,-1.980995,1.765302,-1.0536,Plane,0,None,Plane,4.079495,3.163504,3.6215,156.8379,180,0,FALSE,,,0,30.73,0,0,0
83.9,032_04Jul2026_1554,-1.968985,1.76546,-1.035409,Plane,0.09976196,None,Plane,4.079495,3.163504,3.6215,63.33867,180,0,FALSE,,,0,14.76,0,0,0
84,032_04Jul2026_1554,-1.955455,1.767353,-1.020615,Plane,0.2002258,None,Plane,4.079495,3.163504,3.6215,14.22703,180,0,FALSE,,,0,12.48,0,0,0
84.1,032_04Jul2026_1554,-1.94431,1.767986,-1.011691,Plane,0.3002014,None,Plane,4.079495,3.163504,3.6215,18.31968,180,0,FALSE,,,0,9.63,0,0,0
84.2,032_04Jul2026_1554,-1.935373,1.768325,-1.005348,Plane,0.4000473,None,Plane,4.079495,3.095523,3.587509,72.749,180,0,FALSE,,,0,10.04,0,0,0
84.3,032_04Jul2026_1554,-1.927525,1.768644,-1.001181,Plane,0.4996185,None,Plane,4.079495,3.095523,3.587509,33.64492,180,0,FALSE,,,0,11.26,0,0,0
84.4,032_04Jul2026_1554,-1.920262,1.769902,-0.9973707,Plane,0.5999374,None,Plane,4.079495,3.095523,3.587509,28.62067,180,0,FALSE,,,0,12.19,0,0,0
84.5,032_04Jul2026_1554,-1.914361,1.769968,-0.9944181,Plane,0.7020798,None,Plane,4.079495,3.095523,3.587509,56.51108,180,0,FALSE,,,0,12,0,0,0
84.6,032_04Jul2026_1554,-1.911442,1.769165,-0.9926077,Plane,0.8045349,None,Plane,4.079495,3.095523,3.587509,10.24628,180,0,FALSE,,,0,11.61,0,0,0
84.7,032_04Jul2026_1554,-1.913114,1.768954,-0.9930301,Plane,0.906105,None,Plane,3.640884,3.095523,3.368203,11.40187,180,0,FALSE,,,0,11.44,0,0,0
84.8,032_04Jul2026_1554,-1.917483,1.76879,-0.9954338,Plane,1.004967,None,Plane,3.640884,3.095523,3.368203,70.33166,180,0,FALSE,,,0,9.79,0,0,0
84.9,032_04Jul2026_1554,-1.921095,1.769408,-0.9981744,Plane,1.106621,None,Plane,3.640884,3.095523,3.368203,56.59314,180,0,FALSE,,,0,9.07,0,0,0
85,032_04Jul2026_1554,-1.922539,1.770155,-0.9999768,Plane,1.20433,None,Plane,3.640884,3.095523,3.368203,13.93484,180,0,FALSE,,,0,9.66,0,0,0
85.1,032_04Jul2026_1554,-1.922632,1.770804,-1.000928,Plane,1.306595,None,Plane,3.640884,3.095523,3.368203,8.229935,180,0,FALSE,,,0,10.07,0,0,0
85.2,032_04Jul2026_1554,-1.921472,1.771216,-1.000985,Plane,1.404419,None,Plane,3.640884,3.141076,3.39098,3.947255,180,0,FALSE,,,0,10.6,0,0,0
85.3,032_04Jul2026_1554,-1.918862,1.771606,-1.000198,Plane,1.507767,None,Plane,3.640884,3.141076,3.39098,3.04465,180,0,FALSE,,,0,11.19,0,0,0