Time(ms),Zone,Speed(M/s),ID,Status,Step,Yaw,Pitch,PlayerPos_X,PlayerPos_Y,PlayerPos_Z,NearestCarId,NearestCarType,NearestCarDistance,NearestCar_Speed,NearestCarPos_X,NearestCarPos_Y,NearestCarPos_Z
0.1,Unknown,0,033_04Jul2026_1601,Stop,0,331.52,0,0,0,0,,,0.03,0,-0.02,1.03,0.02
0.2,Unknown,0,033_04Jul2026_1601,Stop,0,331.52,0,0,0,0,,,0.03,0,-0.02,1.03,0.02
0.3,Unknown,0,033_04Jul2026_1601,Stop,0,331.52,0,0,0,0,,,0.03,0,-0.02,1.03,0.02
0.4,Unknown,0,033_04Jul2026_1601,Stop,0,331.52,0,0,0,0,,,0.03,0,-0.02,1.03,0.02
0.5,Unknown,0,033_04Jul2026_1601,Stop,0,331.52,0,0,0,0,,,0.03,0,-0.02,1.03,0.02
0.6,Unknown,0,033_04Jul2026_1601,Stop,0,331.52,0,0,0,0,,,0.03,0,-0.02,1.03,0.02
0.7,Unknown,0,033_04Jul2026_1601,Stop,0,331.52,0,0,0,0,,,0.03,0,-0.02,1.03,0.02
0.8,Unknown,0,033_04Jul2026_1601,Stop,0,331.52,0,0,0,0,,,0.03,0,-0.02,1.03,0.02
0.9,Unknown,0,033_04Jul2026_1601,Stop,0,331.52,0,0,0,0,,,0.03,0,-0.02,1.03,0.02
1,Unknown,0,033_04Jul2026_1601,Stop,0,331.52,0,0,0,0,,,0.03,0,-0.02,1.03,0.02
1.1,Unknown,0,033_04Jul2026_1601,Stop,0,331.52,0,0,0,0,,,0.03,0,-0.02,1.03,0.02
1.2,Unknown,0,033_04Jul2026_1601,Stop,0,331.52,0,0,0,0,,,0.03,0,-0.02,1.03,0.02
1.3,Unknown,0,033_04Jul2026_1601,Stop,0,331.52,0,0,0,0,,,0.03,0,-0.02,1.03,0.02
1.4,Unknown,0,033_04Jul2026_1601,Stop,0,331.52,0,0,0,0,,,0.03,0,-0.02,1.03,0.02
1.5,Unknown,0,033_04Jul2026_1601,Stop,0,331.52,0,0,0,0,,,0.03,0,-0.02,1.03,0.02
1.6,Unknown,0,033_04Jul2026_1601,Stop,0,331.52,0,0,0,0,,,0.03,0,-0.02,1.03,0.02
1.7,Unknown,0,033_04Jul2026_1601,Stop,0,331.52,0,0,0,0,,,0.03,0,-0.02,1.03,0.02
1.8,Unknown,0,033_04Jul2026_1601,Stop,0,331.52,0,0,0,0,,,0.03,0,-0.02,1.03,0.02
1.9,Unknown,0,033_04Jul2026_1601,Stop,0,331.52,0,0,0,0,,,0.03,0,-0.02,1.03,0.02
2,Unknown,0,033_04Jul2026_1601,Stop,0,331.52,0,0,0,0,,,0.03,0,-0.02,1.03,0.02
2.1,Unknown,0,033_04Jul2026_1601,Stop,0,331.52,0,0,0,0,,,0.03,0,-0.02,1.03,0.02
2.2,Unknown,0,033_04Jul2026_1601,Stop,0,331.52,0,0,0,0,,,0.03,0,-0.02,1.03,0.02
2.3,Unknown,0,033_04Jul2026_1601,Stop,0,331.52,0,0,0,0,,,0.03,0,-0.02,1.03,0.02
2.4,Unknown,0,033_04Jul2026_1601,Stop,0,331.52,0,0,0,0,,,0.03,0,-0.02,1.03,0.02
2.5,Unknown,0,033_04Jul2026_1601,Stop,0,331.52,0,0,0,0,,,0.03,0,-0.02,1.03,0.02
2.6,Unknown,0,033_04Jul2026_1601,Stop,0,331.52,0,0,0,0,,,0.03,0,-0.02,1.03,0.02
2.7,Unknown,0,033_04Jul2026_1601,Stop,0,331.52,0,0,0,0,,,0.03,0,-0.02,1.03,0.02
2.8,Unknown,0,033_04Jul2026_1601,Stop,0,331.52,0,0,0,0,,,0.03,0,-0.02,1.03,0.02
2.9,Unknown,0,033_04Jul2026_1601,Stop,0,331.52,0,0,0,0,,,0.03,0,-0.02,1.03,0.02
3,Unknown,0,033_04Jul2026_1601,Stop,0,331.52,0,0,0,0,,,0.03,0,-0.02,1.03,0.02
3.1,Unknown,0,033_04Jul2026_1601,Stop,0,331.52,0,0,0,0,,,0.03,0,-0.02,1.03,0.02
3.2,Unknown,0,033_04Jul2026_1601,Stop,0,331.52,0,0,0,0,,,0.03,0,-0.02,1.03,0.02
3.3,Unknown,0,033_04Jul2026_1601,Stop,0,331.52,0,0,0,0,,,0.03,0,-0.02,1.03,0.02
3.4,Unknown,0,033_04Jul2026_1601,Stop,0,331.52,0,0,0,0,,,0.03,0,-0.02,1.03,0.02
3.5,Unknown,0,033_04Jul2026_1601,Stop,0,331.52,0,0,0,0,,,0.03,0,-0.02,1.03,0.02
3.6,Unknown,0,033_04Jul2026_1601,Stop,0,331.52,0,0,0,0,,,0.03,0,-0.02,1.03,0.02
3.7,Unknown,0,033_04Jul2026_1601,Stop,0,331.52,0,0,0,0,,,0.03,0,-0.02,1.03,0.02
3.8,Unknown,0,033_04Jul2026_1601,Stop,0,331.52,0,0,0,0,,,0.03,0,-0.02,1.03,0.02
3.9,Unknown,0,033_04Jul2026_1601,Stop,0,331.52,0,0,0,0,,,0.03,0,-0.02,1.03,0.02
4,Unknown,0,033_04Jul2026_1601,Stop,0,331.52,0,0,0,0,,,0.03,0,-0.02,1.03,0.02
4.1,Unknown,0,033_04Jul2026_1601,Stop,0,331.52,0,0,0,0,,,0.03,0,-0.02,1.03,0.02
4.2,Unknown,0,033_04Jul2026_1601,Stop,0,331.52,0,0,0,0,,,0.03,0,-0.02,1.03,0.02
4.3,Unknown,0,033_04Jul2026_1601,Stop,0,331.52,0,0,0,0,,,0.03,0,-0.02,1.03,0.02
4.4,Unknown,0,033_04Jul2026_1601,Stop,0,331.52,0,0,0,0,,,0.03,0,-0.02,1.03,0.02
4.5,Unknown,0,033_04Jul2026_1601,Stop,0,331.52,0,0,0,0,,,0.03,0,-0.02,1.03,0.02
4.6,Unknown,0,033_04Jul2026_1601,Stop,0,331.52,0,0,0,0,,,0.03,0,-0.02,1.03,0.02
4.7,Unknown,0,033_04Jul2026_1601,Stop,0,331.52,0,0,0,0,,,0.03,0,-0.02,1.03,0.02
4.8,Unknown,0,033_04Jul2026_1601,Stop,0,331.52,0,0,0,0,,,0.03,0,-0.02,1.03,0.02
4.9,Unknown,0,033_04Jul2026_1601,Stop,0,331.52,0,0,0,0,,,0.03,0,-0.02,1.03,0.02
5,Unknown,0,033_04Jul2026_1601,Stop,0,331.52,0,0,0,0,,,0.03,0,-0.02,1.03,0.02
5.1,Unknown,0,033_04Jul2026_1601,Stop,0,331.52,0,0,0,0,,,0.03,0,-0.02,1.03,0.02
5.2,Unknown,0,033_04Jul2026_1601,Stop,0,331.52,0,0,0,0,,,0.03,0,-0.02,1.03,0.02
5.3,Unknown,0,033_04Jul2026_1601,Stop,0,331.52,0,0,0,0,,,0.03,0,-0.02,1.03,0.02
5.4,Unknown,0,033_04Jul2026_1601,Stop,0,331.52,0,0,0,0,,,0.03,0,-0.02,1.03,0.02
5.5,Unknown,0,033_04Jul2026_1601,Stop,0,331.52,0,0,0,0,,,0.03,0,-0.02,1.03,0.02
5.6,Unknown,0,033_04Jul2026_1601,Stop,0,331.52,0,0,0,0,,,0.03,0,-0.02,1.03,0.02
5.7,Unknown,0,033_04Jul2026_1601,Stop,0,331.52,0,0,0,0,,,0.03,0,-0.02,1.03,0.02
5.8,Unknown,0,033_04Jul2026_1601,Stop,0,331.52,0,0,0,0,,,0.03,0,-0.02,1.03,0.02
5.9,Unknown,0,033_04Jul2026_1601,Stop,0,331.52,0,0,0,0,,,0.03,0,-0.02,1.03,0.02
6,Unknown,0,033_04Jul2026_1601,Stop,0,331.52,0,0,0,0,,,0.03,0,-0.02,1.03,0.02
6.1,Unknown,0,033_04Jul2026_1601,Stop,0,331.52,0,0,0,0,,,0.03,0,-0.02,1.03,0.02
6.2,Unknown,0,033_04Jul2026_1601,Stop,0,331.52,0,0,0,0,,,0.03,0,-0.02,1.03,0.02
6.3,Unknown,0,033_04Jul2026_1601,Stop,0,331.52,0,0,0,0,,,0.03,0,-0.02,1.03,0.02
6.4,Unknown,0,033_04Jul2026_1601,Stop,0,331.52,0,0,0,0,,,0.03,0,-0.02,1.03,0.02
6.5,Unknown,0,033_04Jul2026_1601,Stop,0,331.52,0,0,0,0,,,0.03,0,-0.02,1.03,0.02
6.6,Unknown,0,033_04Jul2026_1601,Stop,0,331.52,0,0,0,0,,,0.03,0,-0.02,1.03,0.02
6.7,Unknown,0,033_04Jul2026_1601,Stop,0,331.52,0,0,0,0,,,0.03,0,-0.02,1.03,0.02
6.8,Unknown,0,033_04Jul2026_1601,Stop,0,331.52,0,0,0,0,,,0.03,0,-0.02,1.03,0.02
6.9,Unknown,0,033_04Jul2026_1601,Stop,0,331.52,0,0,0,0,,,0.03,0,-0.02,1.03,0.02
7,Unknown,0,033_04Jul2026_1601,Stop,0,331.52,0,0,0,0,,,0.03,0,-0.02,1.03,0.02
7.1,Unknown,0,033_04Jul2026_1601,Stop,0,331.52,0,0,0,0,,,0.03,0,-0.02,1.03,0.02
7.2,Unknown,0,033_04Jul2026_1601,Stop,0,331.52,0,0,0,0,,,0.03,0,-0.02,1.03,0.02
7.3,Unknown,0,033_04Jul2026_1601,Stop,0,331.52,0,0,0,0,,,0.03,0,-0.02,1.03,0.02
7.4,Unknown,0,033_04Jul2026_1601,Stop,0,331.52,0,0,0,0,,,0.03,0,-0.02,1.03,0.02
7.5,Unknown,0,033_04Jul2026_1601,Stop,0,331.52,0,0,0,0,,,0.03,0,-0.02,1.03,0.02
7.6,Unknown,0,033_04Jul2026_1601,Stop,0,331.52,0,0,0,0,,,0.03,0,-0.02,1.03,0.02
7.7,Unknown,0,033_04Jul2026_1601,Stop,0,331.52,0,0,0,0,,,0.03,0,-0.02,1.03,0.02
7.8,Unknown,0,033_04Jul2026_1601,Stop,0,331.52,0,0,0,0,,,0.03,0,-0.02,1.03,0.02
7.9,Unknown,0,033_04Jul2026_1601,Stop,0,331.52,0,0,0,0,,,0.03,0,-0.02,1.03,0.02
8,Unknown,0,033_04Jul2026_1601,Stop,0,331.52,0,0,0,0,,,0.03,0,-0.02,1.03,0.02
8.1,Unknown,0,033_04Jul2026_1601,Stop,0,331.52,0,0,0,0,,,0.03,0,-0.02,1.03,0.02
8.2,Unknown,0,033_04Jul2026_1601,Stop,0,331.52,0,0,0,0,,,0.03,0,-0.02,1.03,0.02
8.3,Unknown,0,033_04Jul2026_1601,Stop,0,331.52,0,0,0,0,,,0.03,0,-0.02,1.03,0.02
8.4,Unknown,0,033_04Jul2026_1601,Stop,0,331.52,0,0,0,0,,,0.03,0,-0.02,1.03,0.02
8.5,Unknown,0,033_04Jul2026_1601,Stop,0,331.52,0,0,0,0,,,0.03,0,-0.02,1.03,0.02
8.6,Unknown,0,033_04Jul2026_1601,Stop,0,331.52,0,0,0,0,,,0.03,0,-0.02,1.03,0.02
8.7,Unknown,0,033_04Jul2026_1601,Stop,0,331.52,0,0,0,0,,,0.03,0,-0.02,1.03,0.02
8.8,Unknown,0,033_04Jul2026_1601,Stop,0,331.52,0,0,0,0,,,0.03,0,-0.02,1.03,0.02
8.9,Unknown,0,033_04Jul2026_1601,Stop,0,331.52,0,0,0,0,,,0.03,0,-0.02,1.03,0.02
9,Unknown,0,033_04Jul2026_1601,Stop,0,331.52,0,0,0,0,,,0.03,0,-0.02,1.03,0.02
9.1,Unknown,0,033_04Jul2026_1601,Stop,0,331.52,0,0,0,0,,,0.03,0,-0.02,1.03,0.02
9.2,Unknown,0,033_04Jul2026_1601,Stop,0,331.52,0,0,0,0,,,0.03,0,-0.02,1.03,0.02
9.3,Unknown,0,033_04Jul2026_1601,Stop,0,331.52,0,0,0,0,,,0.03,0,-0.02,1.03,0.02
9.4,Unknown,0,033_04Jul2026_1601,Stop,0,331.52,0,0,0,0,,,0.03,0,-0.02,1.03,0.02
9.5,Unknown,0,033_04Jul2026_1601,Stop,0,331.52,0,0,0,0,,,0.03,0,-0.02,1.03,0.02
9.6,Unknown,0,033_04Jul2026_1601,Stop,0,331.52,0,0,0,0,,,0.03,0,-0.02,1.03,0.02
9.7,Unknown,0,033_04Jul2026_1601,Stop,0,331.52,0,0,0,0,,,0.03,0,-0.02,1.03,0.02
9.8,Unknown,0,033_04Jul2026_1601,Stop,0,331.52,0,0,0,0,,,0.03,0,-0.02,1.03,0.02
9.9,Unknown,0,033_04Jul2026_1601,Stop,0,331.52,0,0,0,0,,,0.03,0,-0.02,1.03,0.02
10,Unknown,0,033_04Jul2026_1601,Stop,0,331.52,0,0,0,0,,,0.03,0,-0.02,1.03,0.02
10.1,Unknown,0,033_04Jul2026_1601,Stop,0,331.52,0,0,0,0,,,0.03,0,-0.02,1.03,0.02
10.2,Unknown,0,033_04Jul2026_1601,Stop,0,331.52,0,0,0,0,,,0.03,0,-0.02,1.03,0.02
10.3,Unknown,0,033_04Jul2026_1601,Stop,0,331.52,0,0,0,0,,,0.03,0,-0.02,1.03,0.02
10.4,Unknown,0,033_04Jul2026_1601,Stop,0,331.52,0,0,0,0,,,0.03,0,-0.02,1.03,0.02
10.5,Unknown,0,033_04Jul2026_1601,Stop,0,331.52,0,0,0,0,,,0.03,0,-0.02,1.03,0.02
10.6,Unknown,0,033_04Jul2026_1601,Stop,0,331.52,0,0,0,0,,,0.03,0,-0.02,1.03,0.02
10.7,Unknown,0,033_04Jul2026_1601,Stop,0,331.52,0,0,0,0,,,0.03,0,-0.02,1.03,0.02
10.8,Unknown,0,033_04Jul2026_1601,Stop,0,331.52,0,0,0,0,,,0.03,0,-0.02,1.03,0.02
10.9,Unknown,0,033_04Jul2026_1601,Stop,0,331.52,0,0,0,0,,,0.03,0,-0.02,1.03,0.02
11,Unknown,0,033_04Jul2026_1601,Stop,0,331.52,0,0,0,0,,,0.03,0,-0.02,1.03,0.02
11.1,Unknown,0,033_04Jul2026_1601,Stop,0,331.52,0,0,0,0,,,0.03,0,-0.02,1.03,0.02
11.2,Unknown,0,033_04Jul2026_1601,Stop,0,331.52,0,0,0,0,,,0.03,0,-0.02,1.03,0.02
11.3,Unknown,0,033_04Jul2026_1601,Stop,0,331.52,0,0,0,0,,,0.03,0,-0.02,1.03,0.02
11.4,Unknown,0,033_04Jul2026_1601,Stop,0,331.52,0,0,0,0,,,0.03,0,-0.02,1.03,0.02
11.5,Unknown,0,033_04Jul2026_1601,Stop,0,331.52,0,0,0,0,,,0.03,0,-0.02,1.03,0.02
11.6,Unknown,0,033_04Jul2026_1601,Stop,0,331.52,0,0,0,0,,,0.03,0,-0.02,1.03,0.02
11.7,Unknown,0,033_04Jul2026_1601,Stop,0,331.52,0,0,0,0,,,0.03,0,-0.02,1.03,0.02
11.8,Unknown,0,033_04Jul2026_1601,Stop,0,331.52,0,0,0,0,,,0.03,0,-0.02,1.03,0.02
11.9,Unknown,0,033_04Jul2026_1601,Stop,0,331.52,0,0,0,0,,,0.03,0,-0.02,1.03,0.02
12,Unknown,0,033_04Jul2026_1601,Stop,0,331.52,0,0,0,0,,,0.03,0,-0.02,1.03,0.02
12.1,Unknown,0,033_04Jul2026_1601,Stop,0,331.52,0,0,0,0,,,0.03,0,-0.02,1.03,0.02
12.2,Unknown,0,033_04Jul2026_1601,Stop,0,331.52,0,0,0,0,,,0.03,0,-0.02,1.03,0.02
12.3,Unknown,0,033_04Jul2026_1601,Stop,0,331.52,0,0,0,0,,,0.03,0,-0.02,1.03,0.02
12.4,Unknown,0,033_04Jul2026_1601,Stop,0,331.52,0,0,0,0,,,0.03,0,-0.02,1.03,0.02
12.5,Unknown,0,033_04Jul2026_1601,Stop,0,331.52,0,0,0,0,,,0.03,0,-0.02,1.03,0.02
12.6,Unknown,0,033_04Jul2026_1601,Stop,0,331.52,0,0,0,0,,,0.03,0,-0.02,1.03,0.02
12.7,Unknown,0,033_04Jul2026_1601,Stop,0,331.52,0,0,0,0,,,0.03,0,-0.02,1.03,0.02
12.8,Unknown,0,033_04Jul2026_1601,Stop,0,331.52,0,0,0,0,,,0.03,0,-0.02,1.03,0.02
12.9,Unknown,0,033_04Jul2026_1601,Stop,0,331.52,0,0,0,0,,,0.03,0,-0.02,1.03,0.02
13,Unknown,0,033_04Jul2026_1601,Stop,0,331.52,0,0,0,0,,,0.03,0,-0.02,1.03,0.02
13.1,Unknown,0,033_04Jul2026_1601,Stop,0,331.52,0,0,0,0,,,0.03,0,-0.02,1.03,0.02
13.2,Unknown,0,033_04Jul2026_1601,Stop,0,331.52,0,0,0,0,,,0.03,0,-0.02,1.03,0.02
13.3,Unknown,0,033_04Jul2026_1601,Stop,0,331.52,0,0,0,0,,,0.03,0,-0.02,1.03,0.02
13.4,Unknown,0,033_04Jul2026_1601,Stop,0,331.52,0,0,0,0,,,0.03,0,-0.02,1.03,0.02
13.5,Unknown,0,033_04Jul2026_1601,Stop,0,331.52,0,0,0,0,,,0.03,0,-0.02,1.03,0.02
13.6,Unknown,0,033_04Jul2026_1601,Stop,0,331.52,0,0,0,0,,,0.03,0,-0.02,1.03,0.02
13.7,Unknown,0,033_04Jul2026_1601,Stop,0,331.52,0,0,0,0,,,0.03,0,-0.02,1.03,0.02
13.8,Unknown,0,033_04Jul2026_1601,Stop,0,331.52,0,0,0,0,,,0.03,0,-0.02,1.03,0.02
13.9,Unknown,0,033_04Jul2026_1601,Stop,0,331.52,0,0,0,0,,,0.03,0,-0.02,1.03,0.02
14,Unknown,0,033_04Jul2026_1601,Stop,0,331.52,0,0,0,0,,,0.03,0,-0.02,1.03,0.02
14.1,Unknown,0,033_04Jul2026_1601,Stop,0,331.52,0,0,0,0,,,0.03,0,-0.02,1.03,0.02
14.2,Unknown,0,033_04Jul2026_1601,Stop,0,331.52,0,0,0,0,,,0.03,0,-0.02,1.03,0.02
14.3,Unknown,0,033_04Jul2026_1601,Stop,0,331.52,0,0,0,0,,,0.03,0,-0.02,1.03,0.02
14.4,Unknown,0,033_04Jul2026_1601,Stop,0,331.52,0,0,0,0,,,0.03,0,-0.02,1.03,0.02
14.5,Unknown,0,033_04Jul2026_1601,Stop,0,331.52,0,0,0,0,,,0.03,0,-0.02,1.03,0.02
14.6,Unknown,0,033_04Jul2026_1601,Stop,0,331.52,0,0,0,0,,,0.03,0,-0.02,1.03,0.02
14.7,Unknown,0,033_04Jul2026_1601,Stop,0,331.52,0,0,0,0,,,0.03,0,-0.02,1.03,0.02
14.8,Unknown,0,033_04Jul2026_1601,Stop,0,331.52,0,0,0,0,,,0.03,0,-0.02,1.03,0.02
14.9,Unknown,0,033_04Jul2026_1601,Stop,0,331.52,0,0,0,0,,,0.03,0,-0.02,1.03,0.02
15,Unknown,0,033_04Jul2026_1601,Stop,0,331.52,0,0,0,0,,,0.03,0,-0.02,1.03,0.02
15.1,Unknown,0,033_04Jul2026_1601,Stop,0,331.52,0,0,0,0,,,0.03,0,-0.02,1.03,0.02
15.2,Unknown,0,033_04Jul2026_1601,Stop,0,331.52,0,0,0,0,,,0.03,0,-0.02,1.03,0.02
15.3,Unknown,0,033_04Jul2026_1601,Stop,0,331.52,0,0,0,0,,,0.03,0,-0.02,1.03,0.02
15.4,Unknown,0,033_04Jul2026_1601,Stop,0,331.52,0,0,0,0,,,0.03,0,-0.02,1.03,0.02
15.5,Unknown,0,033_04Jul2026_1601,Stop,0,331.52,0,0,0,0,,,0.03,0,-0.02,1.03,0.02
15.6,Unknown,0,033_04Jul2026_1601,Stop,0,331.52,0,0,0,0,,,0.03,0,-0.02,1.03,0.02
15.7,Unknown,0,033_04Jul2026_1601,Stop,0,331.52,0,0,0,0,,,0.03,0,-0.02,1.03,0.02
15.8,Unknown,0,033_04Jul2026_1601,Stop,0,331.52,0,0,0,0,,,0.03,0,-0.02,1.03,0.02
15.9,Unknown,0,033_04Jul2026_1601,Stop,0,331.52,0,0,0,0,,,0.03,0,-0.02,1.03,0.02
16,Unknown,0,033_04Jul2026_1601,Stop,0,331.52,0,0,0,0,,,0.03,0,-0.02,1.03,0.02
16.1,Unknown,0,033_04Jul2026_1601,Stop,0,331.52,0,0,0,0,,,0.03,0,-0.02,1.03,0.02
16.2,Unknown,0,033_04Jul2026_1601,Stop,0,331.52,0,0,0,0,,,0.03,0,-0.02,1.03,0.02
16.3,Unknown,0,033_04Jul2026_1601,Stop,0,331.52,0,0,0,0,,,0.03,0,-0.02,1.03,0.02
16.4,Unknown,0,033_04Jul2026_1601,Stop,0,331.52,0,0,0,0,,,0.03,0,-0.02,1.03,0.02
16.5,Unknown,0,033_04Jul2026_1601,Stop,0,331.52,0,0,0,0,,,0.03,0,-0.02,1.03,0.02
16.6,Unknown,0,033_04Jul2026_1601,Stop,0,331.52,0,0,0,0,,,0.03,0,-0.02,1.03,0.02
16.7,Unknown,0,033_04Jul2026_1601,Stop,0,331.52,0,0,0,0,,,0.03,0,-0.02,1.03,0.02
16.8,Unknown,0,033_04Jul2026_1601,Stop,0,331.52,0,0,0,0,,,0.03,0,-0.02,1.03,0.02
16.9,Unknown,0,033_04Jul2026_1601,Stop,0,331.52,0,0,0,0,,,0.03,0,-0.02,1.03,0.02
17,Unknown,0,033_04Jul2026_1601,Stop,0,331.52,0,0,0,0,,,0.03,0,-0.02,1.03,0.02
17.1,Unknown,0,033_04Jul2026_1601,Stop,0,331.52,0,0,0,0,,,0.03,0,-0.02,1.03,0.02
17.2,Unknown,0,033_04Jul2026_1601,Stop,0,331.52,0,0,0,0,,,0.03,0,-0.02,1.03,0.02
17.3,Unknown,0,033_04Jul2026_1601,Stop,0,331.52,0,0,0,0,,,0.03,0,-0.02,1.03,0.02
17.4,Unknown,0,033_04Jul2026_1601,Stop,0,331.52,0,0,0,0,,,0.03,0,-0.02,1.03,0.02
17.5,Unknown,0,033_04Jul2026_1601,Stop,0,331.52,0,0,0,0,,,0.03,0,-0.02,1.03,0.02
17.6,Unknown,0,033_04Jul2026_1601,Stop,0,331.52,0,0,0,0,,,0.03,0,-0.02,1.03,0.02
17.7,Unknown,0,033_04Jul2026_1601,Stop,0,331.52,0,0,0,0,,,0.03,0,-0.02,1.03,0.02
17.8,Unknown,0,033_04Jul2026_1601,Stop,0,331.52,0,0,0,0,,,0.03,0,-0.02,1.03,0.02
17.9,Unknown,0,033_04Jul2026_1601,Stop,0,331.52,0,0,0,0,,,0.03,0,-0.02,1.03,0.02
18,Unknown,0,033_04Jul2026_1601,Stop,0,331.52,0,0,0,0,,,0.03,0,-0.02,1.03,0.02
18.1,Unknown,0,033_04Jul2026_1601,Stop,0,331.52,0,0,0,0,,,0.03,0,-0.02,1.03,0.02
18.2,Unknown,0,033_04Jul2026_1601,Stop,0,331.52,0,0,0,0,,,0.03,0,-0.02,1.03,0.02
18.3,Unknown,0,033_04Jul2026_1601,Stop,0,331.52,0,0,0,0,,,0.03,0,-0.02,1.03,0.02
18.4,Unknown,0,033_04Jul2026_1601,Stop,0,331.52,0,0,0,0,,,0.03,0,-0.02,1.03,0.02
18.5,Unknown,0,033_04Jul2026_1601,Stop,0,331.52,0,0,0,0,,,0.03,0,-0.02,1.03,0.02
18.6,Unknown,0,033_04Jul2026_1601,Stop,0,331.52,0,0,0,0,,,0.03,0,-0.02,1.03,0.02
18.7,Unknown,0,033_04Jul2026_1601,Stop,0,331.52,0,0,0,0,,,0.03,0,-0.02,1.03,0.02
18.8,Unknown,0,033_04Jul2026_1601,Stop,0,331.52,0,0,0,0,,,0.03,0,-0.02,1.03,0.02
18.9,Unknown,0,033_04Jul2026_1601,Stop,0,331.52,0,0,0,0,,,0.03,0,-0.02,1.03,0.02
19,Unknown,0,033_04Jul2026_1601,Stop,0,331.52,0,0,0,0,,,0.03,0,-0.02,1.03,0.02
19.1,Unknown,0,033_04Jul2026_1601,Stop,0,331.52,0,0,0,0,,,0.03,0,-0.02,1.03,0.02
19.2,Unknown,0,033_04Jul2026_1601,Stop,0,331.52,0,0,0,0,,,0.03,0,-0.02,1.03,0.02
19.3,Unknown,0,033_04Jul2026_1601,Stop,0,331.52,0,0,0,0,,,0.03,0,-0.02,1.03,0.02
19.4,Unknown,0,033_04Jul2026_1601,Stop,0,331.52,0,0,0,0,,,0.03,0,-0.02,1.03,0.02
19.5,Unknown,0,033_04Jul2026_1601,Stop,0,331.52,0,0,0,0,,,0.03,0,-0.02,1.03,0.02
19.6,Unknown,0,033_04Jul2026_1601,Stop,0,331.52,0,0,0,0,,,0.03,0,-0.02,1.03,0.02
19.7,Unknown,0,033_04Jul2026_1601,Stop,0,331.52,0,0,0,0,,,0.03,0,-0.02,1.03,0.02
19.8,Unknown,0,033_04Jul2026_1601,Stop,0,331.52,0,0,0,0,,,0.03,0,-0.02,1.03,0.02
19.9,Unknown,0,033_04Jul2026_1601,Stop,0,331.52,0,0,0,0,,,0.03,0,-0.02,1.03,0.02
20,Unknown,0,033_04Jul2026_1601,Stop,0,331.52,0,0,0,0,,,0.03,0,-0.02,1.03,0.02
20.1,Unknown,0,033_04Jul2026_1601,Stop,0,331.52,0,0,0,0,,,0.03,0,-0.02,1.03,0.02
20.2,Unknown,0,033_04Jul2026_1601,Stop,0,331.52,0,0,0,0,,,0.03,0,-0.02,1.03,0.02
20.3,Unknown,0,033_04Jul2026_1601,Stop,0,331.52,0,0,0,0,,,0.03,0,-0.02,1.03,0.02
20.4,Unknown,0,033_04Jul2026_1601,Stop,0,331.52,0,0,0,0,,,0.03,0,-0.02,1.03,0.02
20.5,Unknown,0,033_04Jul2026_1601,Stop,0,331.52,0,0,0,0,,,0.03,0,-0.02,1.03,0.02
20.6,Unknown,0,033_04Jul2026_1601,Stop,0,331.52,0,0,0,0,,,0.03,0,-0.02,1.03,0.02
20.7,Unknown,0,033_04Jul2026_1601,Stop,0,331.52,0,0,0,0,,,0.03,0,-0.02,1.03,0.02
20.8,Unknown,0,033_04Jul2026_1601,Stop,0,331.52,0,0,0,0,,,0.03,0,-0.02,1.03,0.02
20.9,Unknown,0,033_04Jul2026_1601,Stop,0,331.52,0,0,0,0,,,0.03,0,-0.02,1.03,0.02
21,Unknown,0,033_04Jul2026_1601,Stop,0,331.52,0,0,0,0,,,0.03,0,-0.02,1.03,0.02
21.1,Unknown,0,033_04Jul2026_1601,Stop,0,331.52,0,0,0,0,,,0.03,0,-0.02,1.03,0.02
21.2,Unknown,0,033_04Jul2026_1601,Stop,0,331.52,0,0,0,0,,,0.03,0,-0.02,1.03,0.02
21.3,Unknown,0,033_04Jul2026_1601,Stop,0,331.52,0,0,0,0,,,0.03,0,-0.02,1.03,0.02
21.4,Unknown,0,033_04Jul2026_1601,Stop,0,331.52,0,0,0,0,,,0.03,0,-0.02,1.03,0.02
21.5,Unknown,0,033_04Jul2026_1601,Stop,0,331.52,0,0,0,0,,,0.03,0,-0.02,1.03,0.02
21.6,Unknown,0,033_04Jul2026_1601,Stop,0,331.52,0,0,0,0,,,0.03,0,-0.02,1.03,0.02
21.7,Unknown,0,033_04Jul2026_1601,Stop,0,331.52,0,0,0,0,,,0.03,0,-0.02,1.03,0.02
21.8,Unknown,0,033_04Jul2026_1601,Stop,0,331.52,0,0,0,0,,,0.03,0,-0.02,1.03,0.02
21.9,Unknown,0,033_04Jul2026_1601,Stop,0,331.52,0,0,0,0,,,0.03,0,-0.02,1.03,0.02
22,Unknown,0,033_04Jul2026_1601,Stop,0,331.52,0,0,0,0,,,0.03,0,-0.02,1.03,0.02
22.1,Unknown,0,033_04Jul2026_1601,Stop,0,331.52,0,0,0,0,,,0.03,0,-0.02,1.03,0.02
22.2,Unknown,0,033_04Jul2026_1601,Stop,0,331.52,0,0,0,0,,,0.03,0,-0.02,1.03,0.02
22.3,Unknown,0,033_04Jul2026_1601,Stop,0,331.52,0,0,0,0,,,0.03,0,-0.02,1.03,0.02
22.4,Unknown,0,033_04Jul2026_1601,Stop,0,331.52,0,0,0,0,,,0.03,0,-0.02,1.03,0.02
22.5,Unknown,0,033_04Jul2026_1601,Stop,0,331.52,0,0,0,0,,,0.03,0,-0.02,1.03,0.02
22.6,Unknown,0,033_04Jul2026_1601,Stop,0,331.52,0,0,0,0,,,0.03,0,-0.02,1.03,0.02
22.7,Unknown,0,033_04Jul2026_1601,Stop,0,331.52,0,0,0,0,,,0.03,0,-0.02,1.03,0.02
22.8,Unknown,0,033_04Jul2026_1601,Stop,0,331.52,0,0,0,0,,,0.03,0,-0.02,1.03,0.02
22.9,Unknown,0,033_04Jul2026_1601,Stop,0,331.52,0,0,0,0,,,0.03,0,-0.02,1.03,0.02
23,Unknown,0,033_04Jul2026_1601,Stop,0,331.52,0,0,0,0,,,0.03,0,-0.02,1.03,0.02
23.1,Unknown,0,033_04Jul2026_1601,Stop,0,331.52,0,0,0,0,,,0.03,0,-0.02,1.03,0.02
23.2,Unknown,0,033_04Jul2026_1601,Stop,0,331.52,0,0,0,0,,,0.03,0,-0.02,1.03,0.02
23.3,Unknown,0,033_04Jul2026_1601,Stop,0,331.52,0,0,0,0,,,0.03,0,-0.02,1.03,0.02
23.4,Unknown,0,033_04Jul2026_1601,Stop,0,331.52,0,0,0,0,,,0.03,0,-0.02,1.03,0.02
23.5,Unknown,0,033_04Jul2026_1601,Stop,0,331.52,0,0,0,0,,,0.03,0,-0.02,1.03,0.02
23.6,Unknown,0,033_04Jul2026_1601,Stop,0,331.52,0,0,0,0,,,0.03,0,-0.02,1.03,0.02
23.7,Unknown,0,033_04Jul2026_1601,Stop,0,331.52,0,0,0,0,,,0.03,0,-0.02,1.03,0.02
23.8,Unknown,0,033_04Jul2026_1601,Stop,0,331.52,0,0,0,0,,,0.03,0,-0.02,1.03,0.02
23.9,Unknown,0,033_04Jul2026_1601,Stop,0,331.52,0,0,0,0,,,0.03,0,-0.02,1.03,0.02
24,Unknown,0,033_04Jul2026_1601,Stop,0,331.52,0,0,0,0,,,0.03,0,-0.02,1.03,0.02
24.1,Unknown,0,033_04Jul2026_1601,Stop,0,331.52,0,0,0,0,,,0.03,0,-0.02,1.03,0.02
24.2,Unknown,0,033_04Jul2026_1601,Stop,0,331.52,0,0,0,0,,,0.03,0,-0.02,1.03,0.02
24.3,Unknown,0,033_04Jul2026_1601,Stop,0,331.52,0,0,0,0,,,0.03,0,-0.02,1.03,0.02
24.4,Unknown,0,033_04Jul2026_1601,Stop,0,331.52,0,0,0,0,,,0.03,0,-0.02,1.03,0.02
24.5,Unknown,0,033_04Jul2026_1601,Stop,0,331.52,0,0,0,0,,,0.03,0,-0.02,1.03,0.02
24.6,Unknown,0,033_04Jul2026_1601,Stop,0,331.52,0,0,0,0,,,0.03,0,-0.02,1.03,0.02
24.7,Unknown,0,033_04Jul2026_1601,Stop,0,331.52,0,0,0,0,,,0.03,0,-0.02,1.03,0.02
24.8,Unknown,0,033_04Jul2026_1601,Stop,0,331.52,0,0,0,0,,,0.03,0,-0.02,1.03,0.02
24.9,Unknown,0,033_04Jul2026_1601,Stop,0,331.52,0,0,0,0,,,0.03,0,-0.02,1.03,0.02
25,Unknown,0,033_04Jul2026_1601,Stop,0,331.52,0,0,0,0,,,0.03,0,-0.02,1.03,0.02
25.1,Unknown,0,033_04Jul2026_1601,Stop,0,331.52,0,0,0,0,,,0.03,0,-0.02,1.03,0.02
25.2,Unknown,0,033_04Jul2026_1601,Stop,0,331.52,0,0,0,0,,,0.03,0,-0.02,1.03,0.02
25.3,Unknown,0,033_04Jul2026_1601,Stop,0,331.52,0,0,0,0,,,0.03,0,-0.02,1.03,0.02
25.4,Unknown,0,033_04Jul2026_1601,Stop,0,331.52,0,0,0,0,,,0.03,0,-0.02,1.03,0.02
25.5,Unknown,0,033_04Jul2026_1601,Stop,0,331.52,0,0,0,0,,,0.03,0,-0.02,1.03,0.02
25.6,Unknown,0,033_04Jul2026_1601,Stop,0,331.52,0,0,0,0,,,0.03,0,-0.02,1.03,0.02
25.7,Unknown,0,033_04Jul2026_1601,Stop,0,331.52,0,0,0,0,,,0.03,0,-0.02,1.03,0.02
25.8,Unknown,0,033_04Jul2026_1601,Stop,0,331.52,0,0,0,0,,,0.03,0,-0.02,1.03,0.02
25.9,Unknown,0,033_04Jul2026_1601,Stop,0,331.52,0,0,0,0,,,0.03,0,-0.02,1.03,0.02
26,Unknown,0,033_04Jul2026_1601,Stop,0,331.52,0,0,0,0,,,0.03,0,-0.02,1.03,0.02
26.1,Unknown,0,033_04Jul2026_1601,Stop,0,331.52,0,0,0,0,,,0.03,0,-0.02,1.03,0.02
26.2,Unknown,0,033_04Jul2026_1601,Stop,0,331.52,0,0,0,0,,,0.03,0,-0.02,1.03,0.02
26.3,Unknown,0,033_04Jul2026_1601,Stop,0,331.52,0,0,0,0,,,0.03,0,-0.02,1.03,0.02
26.4,Unknown,0,033_04Jul2026_1601,Stop,0,331.52,0,0,0,0,,,0.03,0,-0.02,1.03,0.02
26.5,Unknown,0,033_04Jul2026_1601,Stop,0,331.52,0,0,0,0,,,0.03,0,-0.02,1.03,0.02
26.6,Unknown,0,033_04Jul2026_1601,Stop,0,331.52,0,0,0,0,,,0.03,0,-0.02,1.03,0.02
26.7,Unknown,0,033_04Jul2026_1601,Stop,0,331.52,0,0,0,0,,,0.03,0,-0.02,1.03,0.02
26.8,Unknown,0,033_04Jul2026_1601,Stop,0,331.52,0,0,0,0,,,0.03,0,-0.02,1.03,0.02
26.9,Unknown,0,033_04Jul2026_1601,Stop,0,331.52,0,0,0,0,,,0.03,0,-0.02,1.03,0.02
27,Unknown,0,033_04Jul2026_1601,Stop,0,331.52,0,0,0,0,,,0.03,0,-0.02,1.03,0.02
27.1,Unknown,0,033_04Jul2026_1601,Stop,0,331.52,0,0,0,0,,,0.03,0,-0.02,1.03,0.02
27.2,Unknown,0,033_04Jul2026_1601,Stop,0,331.52,0,0,0,0,,,0.03,0,-0.02,1.03,0.02
27.3,Unknown,0,033_04Jul2026_1601,Stop,0,331.52,0,0,0,0,,,0.03,0,-0.02,1.03,0.02
27.4,Unknown,0,033_04Jul2026_1601,Stop,0,331.52,0,0,0,0,,,0.03,0,-0.02,1.03,0.02
27.5,Unknown,0,033_04Jul2026_1601,Stop,0,331.52,0,0,0,0,,,0.03,0,-0.02,1.03,0.02
27.6,Unknown,0,033_04Jul2026_1601,Stop,0,331.52,0,0,0,0,,,0.03,0,-0.02,1.03,0.02
27.7,Unknown,0,033_04Jul2026_1601,Stop,0,331.52,0,0,0,0,,,0.03,0,-0.02,1.03,0.02
27.8,Unknown,0,033_04Jul2026_1601,Stop,0,331.52,0,0,0,0,,,0.03,0,-0.02,1.03,0.02
27.9,Unknown,0,033_04Jul2026_1601,Stop,0,331.52,0,0,0,0,,,0.03,0,-0.02,1.03,0.02
28,Unknown,0,033_04Jul2026_1601,Stop,0,331.52,0,0,0,0,,,0.03,0,-0.02,1.03,0.02
28.1,Unknown,0,033_04Jul2026_1601,Stop,0,331.52,0,0,0,0,,,0.03,0,-0.02,1.03,0.02
28.2,Unknown,0,033_04Jul2026_1601,Stop,0,331.52,0,0,0,0,,,0.03,0,-0.02,1.03,0.02
28.3,Unknown,0,033_04Jul2026_1601,Stop,0,331.52,0,0,0,0,,,0.03,0,-0.02,1.03,0.02
28.4,Unknown,0,033_04Jul2026_1601,Stop,0,331.52,0,0,0,0,,,0.03,0,-0.02,1.03,0.02
28.5,Unknown,0,033_04Jul2026_1601,Stop,0,331.52,0,0,0,0,,,0.03,0,-0.02,1.03,0.02
28.6,Unknown,0,033_04Jul2026_1601,Stop,0,331.52,0,0,0,0,,,0.03,0,-0.02,1.03,0.02
28.7,Unknown,0,033_04Jul2026_1601,Stop,0,331.52,0,0,0,0,,,0.03,0,-0.02,1.03,0.02
28.8,Unknown,0,033_04Jul2026_1601,Stop,0,331.52,0,0,0,0,,,0.03,0,-0.02,1.03,0.02
28.9,Unknown,0,033_04Jul2026_1601,Stop,0,331.52,0,0,0,0,,,0.03,0,-0.02,1.03,0.02
29,Unknown,0,033_04Jul2026_1601,Stop,0,331.52,0,0,0,0,,,0.03,0,-0.02,1.03,0.02
29.1,Unknown,0,033_04Jul2026_1601,Stop,0,331.52,0,0,0,0,,,0.03,0,-0.02,1.03,0.02
29.2,Unknown,0,033_04Jul2026_1601,Stop,0,331.52,0,0,0,0,,,0.03,0,-0.02,1.03,0.02
29.3,Unknown,0,033_04Jul2026_1601,Stop,0,331.52,0,0,0,0,,,0.03,0,-0.02,1.03,0.02
29.4,Unknown,0,033_04Jul2026_1601,Stop,0,331.52,0,0,0,0,,,0.03,0,-0.02,1.03,0.02
29.5,Unknown,0,033_04Jul2026_1601,Stop,0,331.52,0,0,0,0,,,0.03,0,-0.02,1.03,0.02
29.6,Unknown,0,033_04Jul2026_1601,Stop,0,331.52,0,0,0,0,,,0.03,0,-0.02,1.03,0.02
29.7,Unknown,0,033_04Jul2026_1601,Stop,0,331.52,0,0,0,0,,,0.03,0,-0.02,1.03,0.02
29.8,Unknown,0,033_04Jul2026_1601,Stop,0,331.52,0,0,0,0,,,0.03,0,-0.02,1.03,0.02
29.9,Unknown,0,033_04Jul2026_1601,Stop,0,331.52,0,0,0,0,,,0.03,0,-0.02,1.03,0.02
30,Unknown,0,033_04Jul2026_1601,Stop,0,331.52,0,0,0,0,,,0.03,0,-0.02,1.03,0.02
30.1,Unknown,0,033_04Jul2026_1601,Stop,0,331.52,0,0,0,0,,,0.03,0,-0.02,1.03,0.02
30.2,Unknown,0,033_04Jul2026_1601,Stop,0,331.52,0,0,0,0,,,0.03,0,-0.02,1.03,0.02
30.3,Unknown,0,033_04Jul2026_1601,Stop,0,331.52,0,0,0,0,,,0.03,0,-0.02,1.03,0.02
30.4,Unknown,0,033_04Jul2026_1601,Stop,0,331.52,0,0,0,0,,,0.03,0,-0.02,1.03,0.02
30.5,Unknown,0,033_04Jul2026_1601,Stop,0,331.52,0,0,0,0,,,0.03,0,-0.02,1.03,0.02
30.6,Unknown,0,033_04Jul2026_1601,Stop,0,331.52,0,0,0,0,,,0.03,0,-0.02,1.03,0.02
30.7,Unknown,0,033_04Jul2026_1601,Stop,0,331.52,0,0,0,0,,,0.03,0,-0.02,1.03,0.02
30.8,Unknown,0,033_04Jul2026_1601,Stop,0,331.52,0,0,0,0,,,0.03,0,-0.02,1.03,0.02
30.9,Unknown,0,033_04Jul2026_1601,Stop,0,331.52,0,0,0,0,,,0.03,0,-0.02,1.03,0.02
31,Unknown,0,033_04Jul2026_1601,Stop,0,331.52,0,0,0,0,,,0.03,0,-0.02,1.03,0.02
31.1,Unknown,0,033_04Jul2026_1601,Stop,0,331.52,0,0,0,0,,,0.03,0,-0.02,1.03,0.02
31.2,Unknown,0,033_04Jul2026_1601,Stop,0,331.52,0,0,0,0,,,0.03,0,-0.02,1.03,0.02
31.3,Unknown,0,033_04Jul2026_1601,Stop,0,331.52,0,0,0,0,,,0.03,0,-0.02,1.03,0.02
31.4,Unknown,0,033_04Jul2026_1601,Stop,0,331.52,0,0,0,0,,,0.03,0,-0.02,1.03,0.02
31.5,Unknown,0,033_04Jul2026_1601,Stop,0,331.52,0,0,0,0,,,0.03,0,-0.02,1.03,0.02
31.6,Unknown,0,033_04Jul2026_1601,Stop,0,331.52,0,0,0,0,,,0.03,0,-0.02,1.03,0.02
31.7,Unknown,0,033_04Jul2026_1601,Stop,0,331.52,0,0,0,0,,,0.03,0,-0.02,1.03,0.02
31.8,Unknown,0,033_04Jul2026_1601,Stop,0,331.52,0,0,0,0,,,0.03,0,-0.02,1.03,0.02
31.9,Unknown,0,033_04Jul2026_1601,Stop,0,331.52,0,0,0,0,,,0.03,0,-0.02,1.03,0.02
32,Unknown,0,033_04Jul2026_1601,Stop,0,331.52,0,0,0,0,,,0.03,0,-0.02,1.03,0.02
32.1,Unknown,0,033_04Jul2026_1601,Stop,0,331.52,0,0,0,0,,,0.03,0,-0.02,1.03,0.02
32.2,Unknown,0,033_04Jul2026_1601,Stop,0,331.52,0,0,0,0,,,0.03,0,-0.02,1.03,0.02
32.3,Unknown,0,033_04Jul2026_1601,Stop,0,331.52,0,0,0,0,,,0.03,0,-0.02,1.03,0.02
32.4,Unknown,0,033_04Jul2026_1601,Stop,0,331.52,0,0,0,0,,,0.03,0,-0.02,1.03,0.02
32.5,Unknown,0,033_04Jul2026_1601,Stop,0,331.52,0,0,0,0,,,0.03,0,-0.02,1.03,0.02
32.6,Unknown,0,033_04Jul2026_1601,Stop,0,331.52,0,0,0,0,,,0.03,0,-0.02,1.03,0.02
32.7,Unknown,0,033_04Jul2026_1601,Stop,0,331.52,0,0,0,0,,,0.03,0,-0.02,1.03,0.02
32.8,Unknown,0,033_04Jul2026_1601,Stop,0,331.52,0,0,0,0,,,0.03,0,-0.02,1.03,0.02
32.9,Unknown,0,033_04Jul2026_1601,Stop,0,331.52,0,0,0,0,,,0.03,0,-0.02,1.03,0.02
33,Unknown,0,033_04Jul2026_1601,Stop,0,331.52,0,0,0,0,,,0.03,0,-0.02,1.03,0.02
33.1,Unknown,0,033_04Jul2026_1601,Stop,0,331.52,0,0,0,0,,,0.03,0,-0.02,1.03,0.02
33.2,Unknown,0,033_04Jul2026_1601,Stop,0,331.52,0,0,0,0,,,0.03,0,-0.02,1.03,0.02
33.3,Unknown,0,033_04Jul2026_1601,Stop,0,331.52,0,0,0,0,,,0.03,0,-0.02,1.03,0.02
33.4,Unknown,0,033_04Jul2026_1601,Stop,0,331.52,0,0,0,0,,,0.03,0,-0.02,1.03,0.02
33.5,Unknown,0,033_04Jul2026_1601,Stop,0,331.52,0,0,0,0,,,0.03,0,-0.02,1.03,0.02
33.6,Unknown,0,033_04Jul2026_1601,Stop,0,331.52,0,0,0,0,,,0.03,0,-0.02,1.03,0.02
33.7,Unknown,0,033_04Jul2026_1601,Stop,0,331.52,0,0,0,0,,,0.03,0,-0.02,1.03,0.02
33.8,Unknown,0,033_04Jul2026_1601,Stop,0,331.52,0,0,0,0,,,0.03,0,-0.02,1.03,0.02
33.9,Unknown,0,033_04Jul2026_1601,Stop,0,331.52,0,0,0,0,,,0.03,0,-0.02,1.03,0.02
34,Unknown,0,033_04Jul2026_1601,Stop,0,331.52,0,0,0,0,,,0.03,0,-0.02,1.03,0.02
34.1,Unknown,0,033_04Jul2026_1601,Stop,0,331.52,0,0,0,0,,,0.03,0,-0.02,1.03,0.02
34.2,Unknown,0,033_04Jul2026_1601,Stop,0,331.52,0,0,0,0,,,0.03,0,-0.02,1.03,0.02
34.3,Unknown,0,033_04Jul2026_1601,Stop,0,331.52,0,0,0,0,,,0.03,0,-0.02,1.03,0.02
34.4,Unknown,0,033_04Jul2026_1601,Stop,0,331.52,0,0,0,0,,,0.03,0,-0.02,1.03,0.02
34.5,Unknown,0,033_04Jul2026_1601,Stop,0,331.52,0,0,0,0,,,0.03,0,-0.02,1.03,0.02
34.6,Unknown,0,033_04Jul2026_1601,Stop,0,331.52,0,0,0,0,,,0.03,0,-0.02,1.03,0.02
34.7,Unknown,0,033_04Jul2026_1601,Stop,0,331.52,0,0,0,0,,,0.03,0,-0.02,1.03,0.02
34.8,Unknown,0,033_04Jul2026_1601,Stop,0,331.52,0,0,0,0,,,0.03,0,-0.02,1.03,0.02
34.9,Unknown,0,033_04Jul2026_1601,Stop,0,331.52,0,0,0,0,,,0.03,0,-0.02,1.03,0.02
35,Unknown,0,033_04Jul2026_1601,Stop,0,331.52,0,0,0,0,,,0.03,0,-0.02,1.03,0.02
35.1,Unknown,0,033_04Jul2026_1601,Stop,0,331.52,0,0,0,0,,,0.03,0,-0.02,1.03,0.02
35.2,Unknown,0,033_04Jul2026_1601,Stop,0,331.52,0,0,0,0,,,0.03,0,-0.02,1.03,0.02
35.3,Unknown,0,033_04Jul2026_1601,Stop,0,331.52,0,0,0,0,,,0.03,0,-0.02,1.03,0.02
35.4,Unknown,0,033_04Jul2026_1601,Stop,0,331.52,0,0,0,0,,,0.03,0,-0.02,1.03,0.02
35.5,Unknown,0,033_04Jul2026_1601,Stop,0,331.52,0,0,0,0,,,0.03,0,-0.02,1.03,0.02
35.6,Unknown,0,033_04Jul2026_1601,Stop,0,331.52,0,0,0,0,,,0.03,0,-0.02,1.03,0.02
35.7,Unknown,0,033_04Jul2026_1601,Stop,0,331.52,0,0,0,0,,,0.03,0,-0.02,1.03,0.02
35.8,Unknown,0,033_04Jul2026_1601,Stop,0,331.52,0,0,0,0,,,0.03,0,-0.02,1.03,0.02
35.9,Unknown,0,033_04Jul2026_1601,Stop,0,331.52,0,0,0,0,,,0.03,0,-0.02,1.03,0.02
36,Unknown,0,033_04Jul2026_1601,Stop,0,331.52,0,0,0,0,,,0.03,0,-0.02,1.03,0.02
36.1,Unknown,0,033_04Jul2026_1601,Stop,0,331.52,0,0,0,0,,,0.03,0,-0.02,1.03,0.02
36.2,Unknown,0,033_04Jul2026_1601,Stop,0,331.52,0,0,0,0,,,0.03,0,-0.02,1.03,0.02
36.3,Unknown,0,033_04Jul2026_1601,Stop,0,331.52,0,0,0,0,,,0.03,0,-0.02,1.03,0.02
36.4,Unknown,0,033_04Jul2026_1601,Stop,0,331.52,0,0,0,0,,,0.03,0,-0.02,1.03,0.02
36.5,Unknown,0,033_04Jul2026_1601,Stop,0,331.52,0,0,0,0,,,0.03,0,-0.02,1.03,0.02
36.6,Unknown,0,033_04Jul2026_1601,Stop,0,331.52,0,0,0,0,,,0.03,0,-0.02,1.03,0.02
36.7,Unknown,0,033_04Jul2026_1601,Stop,0,331.52,0,0,0,0,,,0.03,0,-0.02,1.03,0.02
36.8,Unknown,0,033_04Jul2026_1601,Stop,0,331.52,0,0,0,0,,,0.03,0,-0.02,1.03,0.02
36.9,Unknown,0,033_04Jul2026_1601,Stop,0,331.52,0,0,0,0,,,0.03,0,-0.02,1.03,0.02
37,Unknown,0,033_04Jul2026_1601,Stop,0,331.52,0,0,0,0,,,0.03,0,-0.02,1.03,0.02
37.1,Unknown,0,033_04Jul2026_1601,Stop,0,331.52,0,0,0,0,,,0.03,0,-0.02,1.03,0.02
37.2,Unknown,0,033_04Jul2026_1601,Stop,0,331.52,0,0,0,0,,,0.03,0,-0.02,1.03,0.02
37.3,Unknown,0,033_04Jul2026_1601,Stop,0,331.52,0,0,0,0,,,0.03,0,-0.02,1.03,0.02
37.4,Unknown,0,033_04Jul2026_1601,Stop,0,331.52,0,0,0,0,,,0.03,0,-0.02,1.03,0.02
37.5,Unknown,0,033_04Jul2026_1601,Stop,0,331.52,0,0,0,0,,,0.03,0,-0.02,1.03,0.02
37.6,Unknown,0,033_04Jul2026_1601,Stop,0,331.52,0,0,0,0,,,0.03,0,-0.02,1.03,0.02
37.7,Unknown,0,033_04Jul2026_1601,Stop,0,331.52,0,0,0,0,,,0.03,0,-0.02,1.03,0.02
37.8,Unknown,0,033_04Jul2026_1601,Stop,0,331.52,0,0,0,0,,,0.03,0,-0.02,1.03,0.02
37.9,Unknown,0,033_04Jul2026_1601,Stop,0,331.52,0,0,0,0,,,0.03,0,-0.02,1.03,0.02
38,Unknown,0,033_04Jul2026_1601,Stop,0,331.52,0,0,0,0,,,0.03,0,-0.02,1.03,0.02
38.1,Unknown,0,033_04Jul2026_1601,Stop,0,331.52,0,0,0,0,,,0.03,0,-0.02,1.03,0.02
38.2,Unknown,0,033_04Jul2026_1601,Stop,0,331.52,0,0,0,0,,,0.03,0,-0.02,1.03,0.02
38.3,Unknown,0,033_04Jul2026_1601,Stop,0,331.52,0,0,0,0,,,0.03,0,-0.02,1.03,0.02
38.4,Unknown,0,033_04Jul2026_1601,Stop,0,331.52,0,0,0,0,,,0.03,0,-0.02,1.03,0.02
38.5,Unknown,0,033_04Jul2026_1601,Stop,0,331.52,0,0,0,0,,,0.03,0,-0.02,1.03,0.02
38.6,Unknown,0,033_04Jul2026_1601,Stop,0,331.52,0,0,0,0,,,0.03,0,-0.02,1.03,0.02
38.7,Unknown,0,033_04Jul2026_1601,Stop,0,331.52,0,0,0,0,,,0.03,0,-0.02,1.03,0.02
38.8,Unknown,0,033_04Jul2026_1601,Stop,0,331.52,0,0,0,0,,,0.03,0,-0.02,1.03,0.02
38.9,Unknown,0,033_04Jul2026_1601,Stop,0,331.52,0,0,0,0,,,0.03,0,-0.02,1.03,0.02
39,Unknown,0,033_04Jul2026_1601,Stop,0,331.52,0,0,0,0,,,0.03,0,-0.02,1.03,0.02
39.1,Unknown,0,033_04Jul2026_1601,Stop,0,331.52,0,0,0,0,,,0.03,0,-0.02,1.03,0.02
39.2,Unknown,0,033_04Jul2026_1601,Stop,0,331.52,0,0,0,0,,,0.03,0,-0.02,1.03,0.02
39.3,Unknown,0,033_04Jul2026_1601,Stop,0,331.52,0,0,0,0,,,0.03,0,-0.02,1.03,0.02
39.4,Unknown,0,033_04Jul2026_1601,Stop,0,331.52,0,0,0,0,,,0.03,0,-0.02,1.03,0.02
39.5,Unknown,0,033_04Jul2026_1601,Stop,0,331.52,0,0,0,0,,,0.03,0,-0.02,1.03,0.02
39.6,Unknown,0,033_04Jul2026_1601,Stop,0,331.52,0,0,0,0,,,0.03,0,-0.02,1.03,0.02
39.7,Unknown,0,033_04Jul2026_1601,Stop,0,331.52,0,0,0,0,,,0.03,0,-0.02,1.03,0.02
39.8,Unknown,0,033_04Jul2026_1601,Stop,0,331.52,0,0,0,0,,,0.03,0,-0.02,1.03,0.02
39.9,Unknown,0,033_04Jul2026_1601,Stop,0,331.52,0,0,0,0,,,0.03,0,-0.02,1.03,0.02
40,Unknown,0,033_04Jul2026_1601,Stop,0,331.52,0,0,0,0,,,0.03,0,-0.02,1.03,0.02
40.1,Unknown,0,033_04Jul2026_1601,Stop,0,331.52,0,0,0,0,,,0.03,0,-0.02,1.03,0.02
40.2,Unknown,0,033_04Jul2026_1601,Stop,0,331.52,0,0,0,0,,,0.03,0,-0.02,1.03,0.02
40.3,Unknown,0,033_04Jul2026_1601,Stop,0,331.52,0,0,0,0,,,0.03,0,-0.02,1.03,0.02
40.4,Unknown,0,033_04Jul2026_1601,Stop,0,331.52,0,0,0,0,,,0.03,0,-0.02,1.03,0.02
40.5,Unknown,0,033_04Jul2026_1601,Stop,0,331.52,0,0,0,0,,,0.03,0,-0.02,1.03,0.02
40.6,Unknown,0,033_04Jul2026_1601,Stop,0,331.52,0,0,0,0,,,0.03,0,-0.02,1.03,0.02
40.7,Unknown,0,033_04Jul2026_1601,Stop,0,331.52,0,0,0,0,,,0.03,0,-0.02,1.03,0.02
40.8,Unknown,0,033_04Jul2026_1601,Stop,0,331.52,0,0,0,0,,,0.03,0,-0.02,1.03,0.02
40.9,Unknown,0,033_04Jul2026_1601,Stop,0,331.52,0,0,0,0,,,0.03,0,-0.02,1.03,0.02
41,Unknown,0,033_04Jul2026_1601,Stop,0,331.52,0,0,0,0,,,0.03,0,-0.02,1.03,0.02
41.1,Unknown,0,033_04Jul2026_1601,Stop,0,331.52,0,0,0,0,,,0.03,0,-0.02,1.03,0.02
41.2,Unknown,0,033_04Jul2026_1601,Stop,0,331.52,0,0,0,0,,,0.03,0,-0.02,1.03,0.02
41.3,Unknown,0,033_04Jul2026_1601,Stop,0,331.52,0,0,0,0,,,0.03,0,-0.02,1.03,0.02
41.4,Unknown,0,033_04Jul2026_1601,Stop,0,331.52,0,0,0,0,,,0.03,0,-0.02,1.03,0.02
41.5,Unknown,0,033_04Jul2026_1601,Stop,0,331.52,0,0,0,0,,,0.03,0,-0.02,1.03,0.02
41.6,Unknown,0,033_04Jul2026_1601,Stop,0,331.52,0,0,0,0,,,0.03,0,-0.02,1.03,0.02
41.7,Unknown,0,033_04Jul2026_1601,Stop,0,331.52,0,0,0,0,,,0.03,0,-0.02,1.03,0.02
41.8,Unknown,0,033_04Jul2026_1601,Stop,0,331.52,0,0,0,0,,,0.03,0,-0.02,1.03,0.02
41.9,Unknown,0,033_04Jul2026_1601,Stop,0,331.52,0,0,0,0,,,0.03,0,-0.02,1.03,0.02
42,Unknown,0,033_04Jul2026_1601,Stop,0,331.52,0,0,0,0,,,0.03,0,-0.02,1.03,0.02
42.1,Unknown,0,033_04Jul2026_1601,Stop,0,331.52,0,0,0,0,,,0.03,0,-0.02,1.03,0.02
42.2,Unknown,0,033_04Jul2026_1601,Stop,0,331.52,0,0,0,0,,,0.03,0,-0.02,1.03,0.02
42.3,Unknown,0,033_04Jul2026_1601,Stop,0,331.52,0,0,0,0,,,0.03,0,-0.02,1.03,0.02
42.4,Unknown,0,033_04Jul2026_1601,Stop,0,331.52,0,0,0,0,,,0.03,0,-0.02,1.03,0.02
42.5,Unknown,0,033_04Jul2026_1601,Stop,0,331.52,0,0,0,0,,,0.03,0,-0.02,1.03,0.02
42.6,Unknown,0,033_04Jul2026_1601,Stop,0,331.52,0,0,0,0,,,0.03,0,-0.02,1.03,0.02
42.7,Unknown,0,033_04Jul2026_1601,Stop,0,331.52,0,0,0,0,,,0.03,0,-0.02,1.03,0.02
42.8,Unknown,0,033_04Jul2026_1601,Stop,0,331.52,0,0,0,0,,,0.03,0,-0.02,1.03,0.02
42.9,Unknown,0,033_04Jul2026_1601,Stop,0,331.52,0,0,0,0,,,0.03,0,-0.02,1.03,0.02
43,Unknown,0,033_04Jul2026_1601,Stop,0,331.52,0,0,0,0,,,0.03,0,-0.02,1.03,0.02
43.1,Unknown,0,033_04Jul2026_1601,Stop,0,331.52,0,0,0,0,,,0.03,0,-0.02,1.03,0.02
43.2,Unknown,0,033_04Jul2026_1601,Stop,0,331.52,0,0,0,0,,,0.03,0,-0.02,1.03,0.02
43.3,Unknown,0,033_04Jul2026_1601,Stop,0,331.52,0,0,0,0,,,0.03,0,-0.02,1.03,0.02
43.4,Unknown,0,033_04Jul2026_1601,Stop,0,331.52,0,0,0,0,,,0.03,0,-0.02,1.03,0.02
43.5,Unknown,0,033_04Jul2026_1601,Stop,0,331.52,0,0,0,0,,,0.03,0,-0.02,1.03,0.02
43.6,Unknown,0,033_04Jul2026_1601,Stop,0,331.52,0,0,0,0,,,0.03,0,-0.02,1.03,0.02
43.7,Unknown,0,033_04Jul2026_1601,Stop,0,331.52,0,0,0,0,,,0.03,0,-0.02,1.03,0.02
43.8,Unknown,0,033_04Jul2026_1601,Stop,0,331.52,0,0,0,0,,,0.03,0,-0.02,1.03,0.02
43.9,Unknown,0,033_04Jul2026_1601,Stop,0,331.52,0,0,0,0,,,0.03,0,-0.02,1.03,0.02
44,Unknown,0,033_04Jul2026_1601,Stop,0,331.52,0,0,0,0,,,0.03,0,-0.02,1.03,0.02
44.1,Unknown,0,033_04Jul2026_1601,Stop,0,331.52,0,0,0,0,,,0.03,0,-0.02,1.03,0.02
44.2,Unknown,0,033_04Jul2026_1601,Stop,0,331.52,0,0,0,0,,,0.03,0,-0.02,1.03,0.02
44.3,Unknown,0,033_04Jul2026_1601,Stop,0,331.52,0,0,0,0,,,0.03,0,-0.02,1.03,0.02
44.4,Unknown,0,033_04Jul2026_1601,Stop,0,331.52,0,0,0,0,,,0.03,0,-0.02,1.03,0.02
44.5,Unknown,0,033_04Jul2026_1601,Stop,0,331.52,0,0,0,0,,,0.03,0,-0.02,1.03,0.02
44.6,Unknown,0,033_04Jul2026_1601,Stop,0,331.52,0,0,0,0,,,0.03,0,-0.02,1.03,0.02
44.7,Unknown,0,033_04Jul2026_1601,Stop,0,331.52,0,0,0,0,,,0.03,0,-0.02,1.03,0.02
44.8,Unknown,0,033_04Jul2026_1601,Stop,0,331.52,0,0,0,0,,,0.03,0,-0.02,1.03,0.02
44.9,Unknown,0,033_04Jul2026_1601,Stop,0,331.52,0,0,0,0,,,0.03,0,-0.02,1.03,0.02
45,Unknown,0,033_04Jul2026_1601,Stop,0,331.52,0,0,0,0,,,0.03,0,-0.02,1.03,0.02
45.1,Unknown,0,033_04Jul2026_1601,Stop,0,331.52,0,0,0,0,,,0.03,0,-0.02,1.03,0.02
45.2,Unknown,0,033_04Jul2026_1601,Stop,0,331.52,0,0,0,0,,,0.03,0,-0.02,1.03,0.02
45.3,Unknown,0,033_04Jul2026_1601,Stop,0,331.52,0,0,0,0,,,0.03,0,-0.02,1.03,0.02
45.4,Unknown,0,033_04Jul2026_1601,Stop,0,331.52,0,0,0,0,,,0.03,0,-0.02,1.03,0.02
45.5,Unknown,0,033_04Jul2026_1601,Stop,0,331.52,0,0,0,0,,,0.03,0,-0.02,1.03,0.02
45.6,Unknown,0,033_04Jul2026_1601,Stop,0,331.52,0,0,0,0,,,0.03,0,-0.02,1.03,0.02
45.7,Unknown,0,033_04Jul2026_1601,Stop,0,331.52,0,0,0,0,,,0.03,0,-0.02,1.03,0.02
45.8,Unknown,0,033_04Jul2026_1601,Stop,0,331.52,0,0,0,0,,,0.03,0,-0.02,1.03,0.02
45.9,Unknown,0,033_04Jul2026_1601,Stop,0,331.52,0,0,0,0,,,0.03,0,-0.02,1.03,0.02
46,Unknown,0,033_04Jul2026_1601,Stop,0,331.52,0,0,0,0,,,0.03,0,-0.02,1.03,0.02
46.1,Unknown,0,033_04Jul2026_1601,Stop,0,331.52,0,0,0,0,,,0.03,0,-0.02,1.03,0.02
46.2,Unknown,0,033_04Jul2026_1601,Stop,0,331.52,0,0,0,0,,,0.03,0,-0.02,1.03,0.02
46.3,Unknown,0,033_04Jul2026_1601,Stop,0,331.52,0,0,0,0,,,0.03,0,-0.02,1.03,0.02
46.4,Unknown,0,033_04Jul2026_1601,Stop,0,331.52,0,0,0,0,,,0.03,0,-0.02,1.03,0.02
46.5,Unknown,0,033_04Jul2026_1601,Stop,0,331.52,0,0,0,0,,,0.03,0,-0.02,1.03,0.02
46.6,Unknown,0,033_04Jul2026_1601,Stop,0,331.52,0,0,0,0,,,0.03,0,-0.02,1.03,0.02
46.7,Unknown,0,033_04Jul2026_1601,Stop,0,331.52,0,0,0,0,,,0.03,0,-0.02,1.03,0.02
46.8,Unknown,0,033_04Jul2026_1601,Stop,0,331.52,0,0,0,0,,,0.03,0,-0.02,1.03,0.02
46.9,Unknown,0,033_04Jul2026_1601,Stop,0,331.52,0,0,0,0,,,0.03,0,-0.02,1.03,0.02
47,Unknown,0,033_04Jul2026_1601,Stop,0,331.52,0,0,0,0,,,0.03,0,-0.02,1.03,0.02
47.1,Unknown,0,033_04Jul2026_1601,Stop,0,331.52,0,0,0,0,,,0.03,0,-0.02,1.03,0.02
47.2,Unknown,0,033_04Jul2026_1601,Stop,0,331.52,0,0,0,0,,,0.03,0,-0.02,1.03,0.02
47.3,Unknown,0,033_04Jul2026_1601,Stop,0,331.52,0,0,0,0,,,0.03,0,-0.02,1.03,0.02
47.4,Unknown,0,033_04Jul2026_1601,Stop,0,331.52,0,0,0,0,,,0.03,0,-0.02,1.03,0.02
47.5,Unknown,0,033_04Jul2026_1601,Stop,0,331.52,0,0,0,0,,,0.03,0,-0.02,1.03,0.02
47.6,Unknown,0,033_04Jul2026_1601,Stop,0,331.52,0,0,0,0,,,0.03,0,-0.02,1.03,0.02
47.7,Unknown,0,033_04Jul2026_1601,Stop,0,331.52,0,0,0,0,,,0.03,0,-0.02,1.03,0.02
47.8,Unknown,0,033_04Jul2026_1601,Stop,0,331.52,0,0,0,0,,,0.03,0,-0.02,1.03,0.02
47.9,Unknown,0,033_04Jul2026_1601,Stop,0,331.52,0,0,0,0,,,0.03,0,-0.02,1.03,0.02
48,Unknown,0,033_04Jul2026_1601,Stop,0,331.52,0,0,0,0,,,0.03,0,-0.02,1.03,0.02
48.1,Unknown,0,033_04Jul2026_1601,Stop,0,331.52,0,0,0,0,,,0.03,0,-0.02,1.03,0.02
48.2,Unknown,0,033_04Jul2026_1601,Stop,0,331.52,0,0,0,0,,,0.03,0,-0.02,1.03,0.02
48.3,Unknown,0,033_04Jul2026_1601,Stop,0,331.52,0,0,0,0,,,0.03,0,-0.02,1.03,0.02
48.4,Unknown,0,033_04Jul2026_1601,Stop,0,331.52,0,0,0,0,,,0.03,0,-0.02,1.03,0.02
48.5,Unknown,0,033_04Jul2026_1601,Stop,0,331.52,0,0,0,0,,,0.03,0,-0.02,1.03,0.02
48.6,Unknown,0,033_04Jul2026_1601,Stop,0,331.52,0,0,0,0,,,0.03,0,-0.02,1.03,0.02
48.7,Unknown,0,033_04Jul2026_1601,Stop,0,331.52,0,0,0,0,,,0.03,0,-0.02,1.03,0.02
48.8,Unknown,0,033_04Jul2026_1601,Stop,0,331.52,0,0,0,0,,,0.03,0,-0.02,1.03,0.02
48.9,Unknown,0,033_04Jul2026_1601,Stop,0,331.52,0,0,0,0,,,0.03,0,-0.02,1.03,0.02
49,Unknown,0,033_04Jul2026_1601,Stop,0,331.52,0,0,0,0,,,0.03,0,-0.02,1.03,0.02
49.1,Unknown,0,033_04Jul2026_1601,Stop,0,331.52,0,0,0,0,,,0.03,0,-0.02,1.03,0.02
49.2,Unknown,0,033_04Jul2026_1601,Stop,0,331.52,0,0,0,0,,,0.03,0,-0.02,1.03,0.02
49.3,Unknown,0,033_04Jul2026_1601,Stop,0,331.52,0,0,0,0,,,0.03,0,-0.02,1.03,0.02
49.4,Unknown,0,033_04Jul2026_1601,Stop,0,331.52,0,0,0,0,,,0.03,0,-0.02,1.03,0.02
49.5,Unknown,0,033_04Jul2026_1601,Stop,0,331.52,0,0,0,0,,,0.03,0,-0.02,1.03,0.02
49.6,Unknown,0,033_04Jul2026_1601,Stop,0,331.52,0,0,0,0,,,0.03,0,-0.02,1.03,0.02
49.7,Unknown,0,033_04Jul2026_1601,Stop,0,331.52,0,0,0,0,,,0.03,0,-0.02,1.03,0.02
49.8,Unknown,0,033_04Jul2026_1601,Stop,0,331.52,0,0,0,0,,,0.03,0,-0.02,1.03,0.02
49.9,Unknown,0,033_04Jul2026_1601,Stop,0,331.52,0,0,0,0,,,0.03,0,-0.02,1.03,0.02
50,Unknown,0,033_04Jul2026_1601,Stop,0,331.52,0,0,0,0,,,0.03,0,-0.02,1.03,0.02
50.1,Unknown,0,033_04Jul2026_1601,Stop,0,331.52,0,0,0,0,,,0.03,0,-0.02,1.03,0.02
50.2,Unknown,0,033_04Jul2026_1601,Stop,0,331.52,0,0,0,0,,,0.03,0,-0.02,1.03,0.02
50.3,Unknown,0,033_04Jul2026_1601,Stop,0,331.52,0,0,0,0,,,0.03,0,-0.02,1.03,0.02
50.4,Unknown,0,033_04Jul2026_1601,Stop,0,331.52,0,0,0,0,,,0.03,0,-0.02,1.03,0.02
50.5,Unknown,0,033_04Jul2026_1601,Stop,0,331.52,0,0,0,0,,,0.03,0,-0.02,1.03,0.02
50.6,Unknown,0,033_04Jul2026_1601,Stop,0,331.52,0,0,0,0,,,0.03,0,-0.02,1.03,0.02
50.7,Unknown,0,033_04Jul2026_1601,Stop,0,331.52,0,0,0,0,,,0.03,0,-0.02,1.03,0.02
50.8,Unknown,0,033_04Jul2026_1601,Stop,0,331.52,0,0,0,0,,,0.03,0,-0.02,1.03,0.02
50.9,Unknown,0,033_04Jul2026_1601,Stop,0,331.52,0,0,0,0,,,0.03,0,-0.02,1.03,0.02
51,Unknown,0,033_04Jul2026_1601,Stop,0,331.52,0,0,0,0,,,0.03,0,-0.02,1.03,0.02
51.1,Unknown,0,033_04Jul2026_1601,Stop,0,331.52,0,0,0,0,,,0.03,0,-0.02,1.03,0.02
51.2,Unknown,0,033_04Jul2026_1601,Stop,0,331.52,0,0,0,0,,,0.03,0,-0.02,1.03,0.02
51.3,Unknown,0,033_04Jul2026_1601,Stop,0,331.52,0,0,0,0,,,0.03,0,-0.02,1.03,0.02
51.4,Unknown,0,033_04Jul2026_1601,Stop,0,331.52,0,0,0,0,,,0.03,0,-0.02,1.03,0.02
51.5,Unknown,0,033_04Jul2026_1601,Stop,0,331.52,0,0,0,0,,,0.03,0,-0.02,1.03,0.02
51.6,Unknown,0,033_04Jul2026_1601,Stop,0,331.52,0,0,0,0,,,0.03,0,-0.02,1.03,0.02
51.7,Unknown,0,033_04Jul2026_1601,Stop,0,331.52,0,0,0,0,,,0.03,0,-0.02,1.03,0.02
51.8,Unknown,0,033_04Jul2026_1601,Stop,0,331.52,0,0,0,0,,,0.03,0,-0.02,1.03,0.02
51.9,Unknown,0,033_04Jul2026_1601,Stop,0,331.52,0,0,0,0,,,0.03,0,-0.02,1.03,0.02
52,Unknown,0,033_04Jul2026_1601,Stop,0,331.52,0,0,0,0,,,0.03,0,-0.02,1.03,0.02
52.1,Unknown,0,033_04Jul2026_1601,Stop,0,331.52,0,0,0,0,,,0.03,0,-0.02,1.03,0.02
52.2,Unknown,0,033_04Jul2026_1601,Stop,0,331.52,0,0,0,0,,,0.03,0,-0.02,1.03,0.02
52.3,Unknown,0,033_04Jul2026_1601,Stop,0,331.52,0,0,0,0,,,0.03,0,-0.02,1.03,0.02
52.4,Unknown,0,033_04Jul2026_1601,Stop,0,331.52,0,0,0,0,,,0.03,0,-0.02,1.03,0.02
52.5,Unknown,0,033_04Jul2026_1601,Stop,0,331.52,0,0,0,0,,,0.03,0,-0.02,1.03,0.02
52.6,Unknown,0,033_04Jul2026_1601,Stop,0,331.52,0,0,0,0,,,0.03,0,-0.02,1.03,0.02
52.7,Unknown,0,033_04Jul2026_1601,Stop,0,331.52,0,0,0,0,,,0.03,0,-0.02,1.03,0.02
52.8,Unknown,0,033_04Jul2026_1601,Stop,0,331.52,0,0,0,0,,,0.03,0,-0.02,1.03,0.02
52.9,Unknown,0,033_04Jul2026_1601,Stop,0,331.52,0,0,0,0,,,0.03,0,-0.02,1.03,0.02
53,Unknown,0,033_04Jul2026_1601,Stop,0,331.52,0,0,0,0,,,0.03,0,-0.02,1.03,0.02
53.1,Unknown,0,033_04Jul2026_1601,Stop,0,331.52,0,0,0,0,,,0.03,0,-0.02,1.03,0.02
53.2,Unknown,0,033_04Jul2026_1601,Stop,0,331.52,0,0,0,0,,,0.03,0,-0.02,1.03,0.02
53.3,Unknown,0,033_04Jul2026_1601,Stop,0,331.52,0,0,0,0,,,0.03,0,-0.02,1.03,0.02
53.4,Unknown,0,033_04Jul2026_1601,Stop,0,331.52,0,0,0,0,,,0.03,0,-0.02,1.03,0.02
53.5,Unknown,0,033_04Jul2026_1601,Stop,0,331.52,0,0,0,0,,,0.03,0,-0.02,1.03,0.02
53.6,Unknown,0,033_04Jul2026_1601,Stop,0,331.52,0,0,0,0,,,0.03,0,-0.02,1.03,0.02
53.7,Unknown,0,033_04Jul2026_1601,Stop,0,331.52,0,0,0,0,,,0.03,0,-0.02,1.03,0.02
53.8,Unknown,0,033_04Jul2026_1601,Stop,0,331.52,0,0,0,0,,,0.03,0,-0.02,1.03,0.02
53.9,Unknown,0,033_04Jul2026_1601,Stop,0,331.52,0,0,0,0,,,0.03,0,-0.02,1.03,0.02
54,Unknown,0,033_04Jul2026_1601,Stop,0,331.52,0,0,0,0,,,0.03,0,-0.02,1.03,0.02
54.1,Unknown,0,033_04Jul2026_1601,Stop,0,331.52,0,0,0,0,,,0.03,0,-0.02,1.03,0.02
54.2,Unknown,0,033_04Jul2026_1601,Stop,0,331.52,0,0,0,0,,,0.03,0,-0.02,1.03,0.02
54.3,Unknown,0,033_04Jul2026_1601,Stop,0,331.52,0,0,0,0,,,0.03,0,-0.02,1.03,0.02
54.4,Unknown,0,033_04Jul2026_1601,Stop,0,331.52,0,0,0,0,,,0.03,0,-0.02,1.03,0.02
54.5,Unknown,0,033_04Jul2026_1601,Stop,0,331.52,0,0,0,0,,,0.03,0,-0.02,1.03,0.02
54.6,Unknown,0,033_04Jul2026_1601,Stop,0,331.52,0,0,0,0,,,0.03,0,-0.02,1.03,0.02
54.7,Unknown,0,033_04Jul2026_1601,Stop,0,331.52,0,0,0,0,,,0.03,0,-0.02,1.03,0.02
54.8,Unknown,0,033_04Jul2026_1601,Stop,0,331.52,0,0,0,0,,,0.03,0,-0.02,1.03,0.02
54.9,Unknown,0,033_04Jul2026_1601,Stop,0,331.52,0,0,0,0,,,0.03,0,-0.02,1.03,0.02
55,Unknown,0,033_04Jul2026_1601,Stop,0,331.52,0,0,0,0,,,0.03,0,-0.02,1.03,0.02
55.1,Unknown,0,033_04Jul2026_1601,Stop,0,331.52,0,0,0,0,,,0.03,0,-0.02,1.03,0.02
55.2,Unknown,0,033_04Jul2026_1601,Stop,0,331.52,0,0,0,0,,,0.03,0,-0.02,1.03,0.02
55.3,Unknown,0,033_04Jul2026_1601,Stop,0,331.52,0,0,0,0,,,0.03,0,-0.02,1.03,0.02
55.4,Unknown,0,033_04Jul2026_1601,Stop,0,331.52,0,0,0,0,,,0.03,0,-0.02,1.03,0.02
55.5,Unknown,0,033_04Jul2026_1601,Stop,0,331.52,0,0,0,0,,,0.03,0,-0.02,1.03,0.02
55.6,Unknown,0,033_04Jul2026_1601,Stop,0,331.52,0,0,0,0,,,0.03,0,-0.02,1.03,0.02
55.7,Unknown,0,033_04Jul2026_1601,Stop,0,331.52,0,0,0,0,,,0.03,0,-0.02,1.03,0.02
55.8,Unknown,0,033_04Jul2026_1601,Stop,0,331.52,0,0,0,0,,,0.03,0,-0.02,1.03,0.02
55.9,Unknown,0,033_04Jul2026_1601,Stop,0,331.52,0,0,0,0,,,0.03,0,-0.02,1.03,0.02
56,Unknown,0,033_04Jul2026_1601,Stop,0,331.52,0,0,0,0,,,0.03,0,-0.02,1.03,0.02
56.1,Unknown,0,033_04Jul2026_1601,Stop,0,331.52,0,0,0,0,,,0.03,0,-0.02,1.03,0.02
56.2,Unknown,0,033_04Jul2026_1601,Stop,0,331.52,0,0,0,0,,,0.03,0,-0.02,1.03,0.02
56.3,Unknown,0,033_04Jul2026_1601,Stop,0,331.52,0,0,0,0,,,0.03,0,-0.02,1.03,0.02
56.4,Unknown,0,033_04Jul2026_1601,Stop,0,331.52,0,0,0,0,,,0.03,0,-0.02,1.03,0.02
56.5,Unknown,0,033_04Jul2026_1601,Stop,0,331.52,0,0,0,0,,,0.03,0,-0.02,1.03,0.02
56.6,Unknown,0,033_04Jul2026_1601,Stop,0,331.52,0,0,0,0,,,0.03,0,-0.02,1.03,0.02
56.7,Unknown,0,033_04Jul2026_1601,Stop,0,331.52,0,0,0,0,,,0.03,0,-0.02,1.03,0.02
56.8,Unknown,0,033_04Jul2026_1601,Stop,0,331.52,0,0,0,0,,,0.03,0,-0.02,1.03,0.02
56.9,Unknown,0,033_04Jul2026_1601,Stop,0,331.52,0,0,0,0,,,0.03,0,-0.02,1.03,0.02
57,Unknown,0,033_04Jul2026_1601,Stop,0,331.52,0,0,0,0,,,0.03,0,-0.02,1.03,0.02
57.1,Unknown,0,033_04Jul2026_1601,Stop,0,331.52,0,0,0,0,,,0.03,0,-0.02,1.03,0.02
57.2,Unknown,0,033_04Jul2026_1601,Stop,0,331.52,0,0,0,0,,,0.03,0,-0.02,1.03,0.02
57.3,Unknown,0,033_04Jul2026_1601,Stop,0,331.52,0,0,0,0,,,0.03,0,-0.02,1.03,0.02
57.4,Unknown,0,033_04Jul2026_1601,Stop,0,331.52,0,0,0,0,,,0.03,0,-0.02,1.03,0.02
57.5,Unknown,0,033_04Jul2026_1601,Stop,0,331.52,0,0,0,0,,,0.03,0,-0.02,1.03,0.02
57.6,Unknown,0,033_04Jul2026_1601,Stop,0,331.52,0,0,0,0,,,0.03,0,-0.02,1.03,0.02
57.7,Unknown,0,033_04Jul2026_1601,Stop,0,331.52,0,0,0,0,,,0.03,0,-0.02,1.03,0.02
57.8,Unknown,0,033_04Jul2026_1601,Stop,0,331.52,0,0,0,0,,,0.03,0,-0.02,1.03,0.02
57.9,Unknown,0,033_04Jul2026_1601,Stop,0,331.52,0,0,0,0,,,0.03,0,-0.02,1.03,0.02
58,Unknown,0,033_04Jul2026_1601,Stop,0,331.52,0,0,0,0,,,0.03,0,-0.02,1.03,0.02
58.1,Unknown,0,033_04Jul2026_1601,Stop,0,331.52,0,0,0,0,,,0.03,0,-0.02,1.03,0.02
58.2,Unknown,0,033_04Jul2026_1601,Stop,0,331.52,0,0,0,0,,,0.03,0,-0.02,1.03,0.02
58.3,Unknown,0,033_04Jul2026_1601,Stop,0,331.52,0,0,0,0,,,0.03,0,-0.02,1.03,0.02
58.4,Unknown,0,033_04Jul2026_1601,Stop,0,331.52,0,0,0,0,,,0.03,0,-0.02,1.03,0.02
58.5,Unknown,0,033_04Jul2026_1601,Stop,0,331.52,0,0,0,0,,,0.03,0,-0.02,1.03,0.02
58.6,Unknown,0,033_04Jul2026_1601,Stop,0,331.52,0,0,0,0,,,0.03,0,-0.02,1.03,0.02
58.7,Unknown,0,033_04Jul2026_1601,Stop,0,331.52,0,0,0,0,,,0.03,0,-0.02,1.03,0.02
58.8,Unknown,0,033_04Jul2026_1601,Stop,0,331.52,0,0,0,0,,,0.03,0,-0.02,1.03,0.02
58.9,Unknown,0,033_04Jul2026_1601,Stop,0,331.52,0,0,0,0,,,0.03,0,-0.02,1.03,0.02
59,Unknown,0,033_04Jul2026_1601,Stop,0,331.52,0,0,0,0,,,0.03,0,-0.02,1.03,0.02
59.1,Unknown,0,033_04Jul2026_1601,Stop,0,331.52,0,0,0,0,,,0.03,0,-0.02,1.03,0.02
59.2,Unknown,0,033_04Jul2026_1601,Stop,0,331.52,0,0,0,0,,,0.03,0,-0.02,1.03,0.02
59.3,Unknown,0,033_04Jul2026_1601,Stop,0,331.52,0,0,0,0,,,0.03,0,-0.02,1.03,0.02
59.4,Unknown,0,033_04Jul2026_1601,Stop,0,331.52,0,0,0,0,,,0.03,0,-0.02,1.03,0.02
59.5,Unknown,0,033_04Jul2026_1601,Stop,0,331.52,0,0,0,0,,,0.03,0,-0.02,1.03,0.02
59.6,Unknown,0,033_04Jul2026_1601,Stop,0,331.52,0,0,0,0,,,0.03,0,-0.02,1.03,0.02
59.7,Unknown,0,033_04Jul2026_1601,Stop,0,331.52,0,0,0,0,,,0.03,0,-0.02,1.03,0.02
59.8,Unknown,0,033_04Jul2026_1601,Stop,0,331.52,0,0,0,0,,,0.03,0,-0.02,1.03,0.02
59.9,Unknown,0,033_04Jul2026_1601,Stop,0,331.52,0,0,0,0,,,0.03,0,-0.02,1.03,0.02
60,Unknown,0,033_04Jul2026_1601,Stop,0,331.52,0,0,0,0,,,0.03,0,-0.02,1.03,0.02
60.1,Unknown,0,033_04Jul2026_1601,Stop,0,331.52,0,0,0,0,,,0.03,0,-0.02,1.03,0.02
60.2,Unknown,0,033_04Jul2026_1601,Stop,0,331.52,0,0,0,0,,,0.03,0,-0.02,1.03,0.02
60.3,Unknown,0,033_04Jul2026_1601,Stop,0,331.52,0,0,0,0,,,0.03,0,-0.02,1.03,0.02
60.4,Unknown,0,033_04Jul2026_1601,Stop,0,331.52,0,0,0,0,,,0.03,0,-0.02,1.03,0.02
60.5,Unknown,0,033_04Jul2026_1601,Stop,0,331.52,0,0,0,0,,,0.03,0,-0.02,1.03,0.02
60.6,Unknown,0,033_04Jul2026_1601,Stop,0,331.52,0,0,0,0,,,0.03,0,-0.02,1.03,0.02
60.7,Unknown,0,033_04Jul2026_1601,Stop,0,331.52,0,0,0,0,,,0.03,0,-0.02,1.03,0.02
60.8,Unknown,0,033_04Jul2026_1601,Stop,0,331.52,0,0,0,0,,,0.03,0,-0.02,1.03,0.02
60.9,Unknown,0,033_04Jul2026_1601,Stop,0,331.52,0,0,0,0,,,0.03,0,-0.02,1.03,0.02
61,Unknown,0,033_04Jul2026_1601,Stop,0,331.52,0,0,0,0,,,0.03,0,-0.02,1.03,0.02
61.1,Unknown,0,033_04Jul2026_1601,Stop,0,331.52,0,0,0,0,,,0.03,0,-0.02,1.03,0.02
61.2,Unknown,0,033_04Jul2026_1601,Stop,0,331.52,0,0,0,0,,,0.03,0,-0.02,1.03,0.02
61.3,Unknown,0,033_04Jul2026_1601,Stop,0,331.52,0,0,0,0,,,0.03,0,-0.02,1.03,0.02
61.4,Unknown,0,033_04Jul2026_1601,Stop,0,331.52,0,0,0,0,,,0.03,0,-0.02,1.03,0.02
61.5,Unknown,0,033_04Jul2026_1601,Stop,0,331.52,0,0,0,0,,,0.03,0,-0.02,1.03,0.02
61.6,Unknown,0,033_04Jul2026_1601,Stop,0,331.52,0,0,0,0,,,0.03,0,-0.02,1.03,0.02
61.7,Unknown,0,033_04Jul2026_1601,Stop,0,331.52,0,0,0,0,,,0.03,0,-0.02,1.03,0.02
61.8,Unknown,0,033_04Jul2026_1601,Stop,0,331.52,0,0,0,0,,,0.03,0,-0.02,1.03,0.02
61.9,Unknown,0,033_04Jul2026_1601,Stop,0,331.52,0,0,0,0,,,0.03,0,-0.02,1.03,0.02
62,Unknown,0,033_04Jul2026_1601,Stop,0,331.52,0,0,0,0,,,0.03,0,-0.02,1.03,0.02
62.1,Unknown,0,033_04Jul2026_1601,Stop,0,331.52,0,0,0,0,,,0.03,0,-0.02,1.03,0.02
62.2,Unknown,0,033_04Jul2026_1601,Stop,0,331.52,0,0,0,0,,,0.03,0,-0.02,1.03,0.02
62.3,Unknown,0,033_04Jul2026_1601,Stop,0,331.52,0,0,0,0,,,0.03,0,-0.02,1.03,0.02
62.4,Unknown,0,033_04Jul2026_1601,Stop,0,331.52,0,0,0,0,,,0.03,0,-0.02,1.03,0.02
62.5,Unknown,0,033_04Jul2026_1601,Stop,0,331.52,0,0,0,0,,,0.03,0,-0.02,1.03,0.02
62.6,Unknown,0,033_04Jul2026_1601,Stop,0,331.52,0,0,0,0,,,0.03,0,-0.02,1.03,0.02
62.7,Unknown,0,033_04Jul2026_1601,Stop,0,331.52,0,0,0,0,,,0.03,0,-0.02,1.03,0.02
62.8,Unknown,0,033_04Jul2026_1601,Stop,0,331.52,0,0,0,0,,,0.03,0,-0.02,1.03,0.02
62.9,Unknown,0,033_04Jul2026_1601,Stop,0,331.52,0,0,0,0,,,0.03,0,-0.02,1.03,0.02
63,Unknown,0,033_04Jul2026_1601,Stop,0,331.52,0,0,0,0,,,0.03,0,-0.02,1.03,0.02
63.1,Unknown,0,033_04Jul2026_1601,Stop,0,331.52,0,0,0,0,,,0.03,0,-0.02,1.03,0.02
63.2,Unknown,0,033_04Jul2026_1601,Stop,0,331.52,0,0,0,0,,,0.03,0,-0.02,1.03,0.02
63.3,Unknown,0,033_04Jul2026_1601,Stop,0,331.52,0,0,0,0,,,0.03,0,-0.02,1.03,0.02
63.4,Unknown,0,033_04Jul2026_1601,Stop,0,331.52,0,0,0,0,,,0.03,0,-0.02,1.03,0.02
63.5,Unknown,0,033_04Jul2026_1601,Stop,0,331.52,0,0,0,0,,,0.03,0,-0.02,1.03,0.02
63.6,Unknown,0,033_04Jul2026_1601,Stop,0,331.52,0,0,0,0,,,0.03,0,-0.02,1.03,0.02
63.7,Unknown,0,033_04Jul2026_1601,Stop,0,331.52,0,0,0,0,,,0.03,0,-0.02,1.03,0.02
63.8,Unknown,0,033_04Jul2026_1601,Stop,0,331.52,0,0,0,0,,,0.03,0,-0.02,1.03,0.02
63.9,Unknown,0,033_04Jul2026_1601,Stop,0,331.52,0,0,0,0,,,0.03,0,-0.02,1.03,0.02
64,Unknown,0,033_04Jul2026_1601,Stop,0,331.52,0,0,0,0,,,0.03,0,-0.02,1.03,0.02
64.1,Unknown,0,033_04Jul2026_1601,Stop,0,331.52,0,0,0,0,,,0.03,0,-0.02,1.03,0.02
64.2,Unknown,0,033_04Jul2026_1601,Stop,0,331.52,0,0,0,0,,,0.03,0,-0.02,1.03,0.02
64.3,Unknown,0,033_04Jul2026_1601,Stop,0,331.52,0,0,0,0,,,0.03,0,-0.02,1.03,0.02
64.4,Unknown,0,033_04Jul2026_1601,Stop,0,331.52,0,0,0,0,,,0.03,0,-0.02,1.03,0.02
64.5,Unknown,0,033_04Jul2026_1601,Stop,0,331.52,0,0,0,0,,,0.03,0,-0.02,1.03,0.02
64.6,Unknown,0,033_04Jul2026_1601,Stop,0,331.52,0,0,0,0,,,0.03,0,-0.02,1.03,0.02
64.7,Unknown,0,033_04Jul2026_1601,Stop,0,331.52,0,0,0,0,,,0.03,0,-0.02,1.03,0.02
64.8,Unknown,0,033_04Jul2026_1601,Stop,0,331.52,0,0,0,0,,,0.03,0,-0.02,1.03,0.02
64.9,Unknown,0,033_04Jul2026_1601,Stop,0,331.52,0,0,0,0,,,0.03,0,-0.02,1.03,0.02
65,Unknown,0,033_04Jul2026_1601,Stop,0,331.52,0,0,0,0,,,0.03,0,-0.02,1.03,0.02
65.1,Unknown,0,033_04Jul2026_1601,Stop,0,331.52,0,0,0,0,,,0.03,0,-0.02,1.03,0.02
65.2,Unknown,0,033_04Jul2026_1601,Stop,0,331.52,0,0,0,0,,,0.03,0,-0.02,1.03,0.02
65.3,Unknown,0,033_04Jul2026_1601,Stop,0,331.52,0,0,0,0,,,0.03,0,-0.02,1.03,0.02
65.4,Unknown,0,033_04Jul2026_1601,Stop,0,331.52,0,0,0,0,,,0.03,0,-0.02,1.03,0.02
65.5,Unknown,0,033_04Jul2026_1601,Stop,0,331.52,0,0,0,0,,,0.03,0,-0.02,1.03,0.02
65.6,Unknown,0,033_04Jul2026_1601,Stop,0,331.52,0,0,0,0,,,0.03,0,-0.02,1.03,0.02
65.7,Unknown,0,033_04Jul2026_1601,Stop,0,331.52,0,0,0,0,,,0.03,0,-0.02,1.03,0.02
65.8,Unknown,0,033_04Jul2026_1601,Stop,0,331.52,0,0,0,0,,,0.03,0,-0.02,1.03,0.02
65.9,Unknown,0,033_04Jul2026_1601,Stop,0,331.52,0,0,0,0,,,0.03,0,-0.02,1.03,0.02
66,Unknown,0,033_04Jul2026_1601,Stop,0,331.52,0,0,0,0,,,0.03,0,-0.02,1.03,0.02
66.1,Unknown,0,033_04Jul2026_1601,Stop,0,331.52,0,0,0,0,,,0.03,0,-0.02,1.03,0.02
66.2,Unknown,0,033_04Jul2026_1601,Stop,0,331.52,0,0,0,0,,,0.03,0,-0.02,1.03,0.02
66.3,Unknown,0,033_04Jul2026_1601,Stop,0,331.52,0,0,0,0,,,0.03,0,-0.02,1.03,0.02
66.4,Unknown,0,033_04Jul2026_1601,Stop,0,331.52,0,0,0,0,,,0.03,0,-0.02,1.03,0.02
66.5,Unknown,0,033_04Jul2026_1601,Stop,0,331.52,0,0,0,0,,,0.03,0,-0.02,1.03,0.02
66.6,Unknown,0,033_04Jul2026_1601,Stop,0,331.52,0,0,0,0,,,0.03,0,-0.02,1.03,0.02
66.7,Unknown,0,033_04Jul2026_1601,Stop,0,331.52,0,0,0,0,,,0.03,0,-0.02,1.03,0.02
66.8,Unknown,0,033_04Jul2026_1601,Stop,0,331.52,0,0,0,0,,,0.03,0,-0.02,1.03,0.02
66.9,Unknown,0,033_04Jul2026_1601,Stop,0,331.52,0,0,0,0,,,0.03,0,-0.02,1.03,0.02
67,Unknown,0,033_04Jul2026_1601,Stop,0,331.52,0,0,0,0,,,0.03,0,-0.02,1.03,0.02
67.1,Unknown,0,033_04Jul2026_1601,Stop,0,331.52,0,0,0,0,,,0.03,0,-0.02,1.03,0.02
67.2,Unknown,0,033_04Jul2026_1601,Stop,0,331.52,0,0,0,0,,,0.03,0,-0.02,1.03,0.02
67.3,Unknown,0,033_04Jul2026_1601,Stop,0,331.52,0,0,0,0,,,0.03,0,-0.02,1.03,0.02
67.4,Unknown,0,033_04Jul2026_1601,Stop,0,331.52,0,0,0,0,,,0.03,0,-0.02,1.03,0.02
67.5,Unknown,0,033_04Jul2026_1601,Stop,0,331.52,0,0,0,0,,,0.03,0,-0.02,1.03,0.02
67.6,Unknown,0,033_04Jul2026_1601,Stop,0,331.52,0,0,0,0,,,0.03,0,-0.02,1.03,0.02
67.7,Unknown,0,033_04Jul2026_1601,Stop,0,331.52,0,0,0,0,,,0.03,0,-0.02,1.03,0.02
67.8,Unknown,0,033_04Jul2026_1601,Stop,0,331.52,0,0,0,0,,,0.03,0,-0.02,1.03,0.02
67.9,Unknown,0,033_04Jul2026_1601,Stop,0,331.52,0,0,0,0,,,0.03,0,-0.02,1.03,0.02
68,Unknown,0,033_04Jul2026_1601,Stop,0,331.52,0,0,0,0,,,0.03,0,-0.02,1.03,0.02
68.1,Unknown,0,033_04Jul2026_1601,Stop,0,331.52,0,0,0,0,,,0.03,0,-0.02,1.03,0.02
68.2,Unknown,0,033_04Jul2026_1601,Stop,0,331.52,0,0,0,0,,,0.03,0,-0.02,1.03,0.02
68.3,Unknown,0,033_04Jul2026_1601,Stop,0,331.52,0,0,0,0,,,0.03,0,-0.02,1.03,0.02
68.4,Unknown,0,033_04Jul2026_1601,Stop,0,331.52,0,0,0,0,,,0.03,0,-0.02,1.03,0.02
68.5,Unknown,0,033_04Jul2026_1601,Stop,0,331.52,0,0,0,0,,,0.03,0,-0.02,1.03,0.02
68.6,Unknown,0,033_04Jul2026_1601,Stop,0,331.52,0,0,0,0,,,0.03,0,-0.02,1.03,0.02
68.7,Unknown,0,033_04Jul2026_1601,Stop,0,331.52,0,0,0,0,,,0.03,0,-0.02,1.03,0.02
68.8,Unknown,0,033_04Jul2026_1601,Stop,0,331.52,0,0,0,0,,,0.03,0,-0.02,1.03,0.02
68.9,Unknown,0,033_04Jul2026_1601,Stop,0,331.52,0,0,0,0,,,0.03,0,-0.02,1.03,0.02
69,Unknown,0,033_04Jul2026_1601,Stop,0,331.52,0,0,0,0,,,0.03,0,-0.02,1.03,0.02
69.1,Unknown,0,033_04Jul2026_1601,Stop,0,331.52,0,0,0,0,,,0.03,0,-0.02,1.03,0.02
69.2,Unknown,0,033_04Jul2026_1601,Stop,0,331.52,0,0,0,0,,,0.03,0,-0.02,1.03,0.02
69.3,Unknown,0,033_04Jul2026_1601,Stop,0,331.52,0,0,0,0,,,0.03,0,-0.02,1.03,0.02
69.4,Unknown,0,033_04Jul2026_1601,Stop,0,331.52,0,0,0,0,,,0.03,0,-0.02,1.03,0.02
69.5,Unknown,0,033_04Jul2026_1601,Stop,0,331.52,0,0,0,0,,,0.03,0,-0.02,1.03,0.02
69.6,Unknown,0,033_04Jul2026_1601,Stop,0,331.52,0,0,0,0,,,0.03,0,-0.02,1.03,0.02
69.7,Unknown,0,033_04Jul2026_1601,Stop,0,331.52,0,0,0,0,,,0.03,0,-0.02,1.03,0.02
69.8,Unknown,0,033_04Jul2026_1601,Stop,0,331.52,0,0,0,0,,,0.03,0,-0.02,1.03,0.02
69.9,Unknown,0,033_04Jul2026_1601,Stop,0,331.52,0,0,0,0,,,0.03,0,-0.02,1.03,0.02
70,Unknown,0,033_04Jul2026_1601,Stop,0,331.52,0,0,0,0,,,0.03,0,-0.02,1.03,0.02
70.1,Unknown,0,033_04Jul2026_1601,Stop,0,331.52,0,0,0,0,,,0.03,0,-0.02,1.03,0.02
70.2,Unknown,0,033_04Jul2026_1601,Stop,0,331.52,0,0,0,0,,,0.03,0,-0.02,1.03,0.02
70.3,Unknown,0,033_04Jul2026_1601,Stop,0,331.52,0,0,0,0,,,0.03,0,-0.02,1.03,0.02
70.4,Unknown,0,033_04Jul2026_1601,Stop,0,331.52,0,0,0,0,,,0.03,0,-0.02,1.03,0.02